Record Length,2.500000e+03,,  -0.000000250000,   0.08000,
Sample Interval,2.000000e-10,,  -0.000000249800,   0.08000,
Trigger Point,1.250000000000e+03,,  -0.000000249600,   0.08000,
,,,  -0.000000249400,   0.08000,
,,,  -0.000000249200,   0.08000,
,,,  -0.000000249000,   0.16000,
Source,CH2,,  -0.000000248800,   0.16000,
Vertical Units,V,,  -0.000000248600,   0.16000,
Vertical Scale,2.000000e+00,,  -0.000000248400,   0.08000,
Vertical Offset,-4.000000e+00,,  -0.000000248200,   0.08000,
Horizontal Units,s,,  -0.000000248000,   0.08000,
Horizontal Scale,5.000000e-08,,  -0.000000247800,   0.08000,
Pt Fmt,Y,,  -0.000000247600,   0.16000,
Yzero,0.000000e+00,,  -0.000000247400,   0.16000,
Probe Atten,1.000000e+00,,  -0.000000247200,   0.16000,
Model Number,TDS2022C,,  -0.000000247000,   0.16000,
Serial Number,C050447,,  -0.000000246800,   0.16000,
Firmware Version,FV:v24.26,,  -0.000000246600,   0.16000,
,,,-00.000000246400,   0.16000,
,,,-00.000000246200,   0.16000,
,,,-00.000000246000,   0.24000,
,,,-00.000000245800,   0.16000,
,,,-00.000000245600,   0.16000,
,,,-00.000000245400,   0.08000,
,,,-00.000000245200,   0.08000,
,,,-00.000000245000,   0.08000,
,,,-00.000000244800,   0.08000,
,,,-00.000000244600,   0.16000,
,,,-00.000000244400,   0.16000,
,,,-00.000000244200,   0.16000,
,,,-00.000000244000,   0.16000,
,,,-00.000000243800,   0.16000,
,,,-00.000000243600,   0.24000,
,,,-00.000000243400,   0.24000,
,,,-00.000000243200,   0.24000,
,,,-00.000000243000,   0.16000,
,,,-00.000000242800,   0.16000,
,,,-00.000000242600,   0.16000,
,,,-00.000000242400,   0.08000,
,,,-00.000000242200,   0.16000,
,,,-00.000000242000,   0.16000,
,,,-00.000000241800,   0.16000,
,,,-00.000000241600,   0.24000,
,,,-00.000000241400,   0.16000,
,,,-00.000000241200,   0.16000,
,,,-00.000000241000,   0.08000,
,,,-00.000000240800,   0.08000,
,,,-00.000000240600,   0.08000,
,,,-00.000000240400,   0.08000,
,,,-00.000000240200,   0.08000,
,,,-00.000000240000,   0.16000,
,,,-00.000000239800,   0.16000,
,,,-00.000000239600,   0.16000,
,,,-00.000000239400,   0.16000,
,,,-00.000000239200,   0.16000,
,,,-00.000000239000,   0.24000,
,,,-00.000000238800,   0.24000,
,,,-00.000000238600,   0.24000,
,,,-00.000000238400,   0.16000,
,,,-00.000000238200,   0.16000,
,,,-00.000000238000,   0.16000,
,,,-00.000000237800,   0.08000,
,,,-00.000000237600,   0.16000,
,,,-00.000000237400,   0.16000,
,,,-00.000000237200,   0.16000,
,,,-00.000000237000,   0.16000,
,,,-00.000000236800,   0.16000,
,,,-00.000000236600,   0.16000,
,,,-00.000000236400,   0.16000,
,,,-00.000000236200,   0.16000,
,,,-00.000000236000,   0.16000,
,,,-00.000000235800,   0.16000,
,,,-00.000000235600,   0.16000,
,,,-00.000000235400,   0.16000,
,,,-00.000000235200,   0.16000,
,,,-00.000000235000,   0.16000,
,,,-00.000000234800,   0.16000,
,,,-00.000000234600,   0.16000,
,,,-00.000000234400,   0.08000,
,,,-00.000000234200,   0.08000,
,,,-00.000000234000,   0.08000,
,,,-00.000000233800,   0.00000,
,,,-00.000000233600,   0.08000,
,,,-00.000000233400,   0.08000,
,,,-00.000000233200,   0.08000,
,,,-00.000000233000,   0.16000,
,,,-00.000000232800,   0.16000,
,,,-00.000000232600,   0.16000,
,,,-00.000000232400,   0.16000,
,,,-00.000000232200,   0.16000,
,,,-00.000000232000,   0.08000,
,,,-00.000000231800,   0.08000,
,,,-00.000000231600,   0.08000,
,,,-00.000000231400,   0.08000,
,,,-00.000000231200,   0.08000,
,,,-00.000000231000,   0.08000,
,,,-00.000000230800,   0.08000,
,,,-00.000000230600,   0.08000,
,,,-00.000000230400,   0.08000,
,,,-00.000000230200,   0.08000,
,,,-00.000000230000,   0.16000,
,,,-00.000000229800,   0.16000,
,,,-00.000000229600,   0.16000,
,,,-00.000000229400,   0.16000,
,,,-00.000000229200,   0.16000,
,,,-00.000000229000,   0.16000,
,,,-00.000000228800,   0.16000,
,,,-00.000000228600,   0.16000,
,,,-00.000000228400,   0.16000,
,,,-00.000000228200,   0.16000,
,,,-00.000000228000,   0.08000,
,,,-00.000000227800,   0.08000,
,,,-00.000000227600,   0.08000,
,,,-00.000000227400,   0.00000,
,,,-00.000000227200,   0.08000,
,,,-00.000000227000,   0.08000,
,,,-00.000000226800,   0.08000,
,,,-00.000000226600,   0.16000,
,,,-00.000000226400,   0.16000,
,,,-00.000000226200,   0.16000,
,,,-00.000000226000,   0.24000,
,,,-00.000000225800,   0.24000,
,,,-00.000000225600,   0.24000,
,,,-00.000000225400,   0.16000,
,,,-00.000000225200,   0.16000,
,,,-00.000000225000,   0.16000,
,,,-00.000000224800,   0.16000,
,,,-00.000000224600,   0.24000,
,,,-00.000000224400,   0.16000,
,,,-00.000000224200,   0.16000,
,,,-00.000000224000,   0.16000,
,,,-00.000000223800,   0.16000,
,,,-00.000000223600,   0.16000,
,,,-00.000000223400,   0.16000,
,,,-00.000000223200,   0.16000,
,,,-00.000000223000,   0.16000,
,,,-00.000000222800,   0.16000,
,,,-00.000000222600,   0.16000,
,,,-00.000000222400,   0.16000,
,,,-00.000000222200,   0.16000,
,,,-00.000000222000,   0.08000,
,,,-00.000000221800,   0.08000,
,,,-00.000000221600,   0.08000,
,,,-00.000000221400,   0.00000,
,,,-00.000000221200,   0.08000,
,,,-00.000000221000,   0.08000,
,,,-00.000000220800,   0.08000,
,,,-00.000000220600,   0.16000,
,,,-00.000000220400,   0.08000,
,,,-00.000000220200,   0.08000,
,,,-00.000000220000,   0.00000,
,,,-00.000000219800,   0.00000,
,,,-00.000000219600,   0.08000,
,,,-00.000000219400,   0.08000,
,,,-00.000000219200,   0.16000,
,,,-00.000000219000,   0.24000,
,,,-00.000000218800,   0.24000,
,,,-00.000000218600,   0.24000,
,,,-00.000000218400,   0.16000,
,,,-00.000000218200,   0.16000,
,,,-00.000000218000,   0.08000,
,,,-00.000000217800,   0.08000,
,,,-00.000000217600,   0.08000,
,,,-00.000000217400,   0.08000,
,,,-00.000000217200,   0.08000,
,,,-00.000000217000,   0.16000,
,,,-00.000000216800,   0.16000,
,,,-00.000000216600,   0.16000,
,,,-00.000000216400,   0.16000,
,,,-00.000000216200,   0.16000,
,,,-00.000000216000,   0.24000,
,,,-00.000000215800,   0.16000,
,,,-00.000000215600,   0.16000,
,,,-00.000000215400,   0.08000,
,,,-00.000000215200,   0.08000,
,,,-00.000000215000,   0.08000,
,,,-00.000000214800,   0.08000,
,,,-00.000000214600,   0.16000,
,,,-00.000000214400,   0.16000,
,,,-00.000000214200,   0.16000,
,,,-00.000000214000,   0.24000,
,,,-00.000000213800,   0.24000,
,,,-00.000000213600,   0.24000,
,,,-00.000000213400,   0.16000,
,,,-00.000000213200,   0.16000,
,,,-00.000000213000,   0.16000,
,,,-00.000000212800,   0.16000,
,,,-00.000000212600,   0.16000,
,,,-00.000000212400,   0.16000,
,,,-00.000000212200,   0.16000,
,,,-00.000000212000,   0.16000,
,,,-00.000000211800,   0.16000,
,,,-00.000000211600,   0.16000,
,,,-00.000000211400,   0.16000,
,,,-00.000000211200,   0.16000,
,,,-00.000000211000,   0.16000,
,,,-00.000000210800,   0.16000,
,,,-00.000000210600,   0.16000,
,,,-00.000000210400,   0.16000,
,,,-00.000000210200,   0.16000,
,,,-00.000000210000,   0.16000,
,,,-00.000000209800,   0.16000,
,,,-00.000000209600,   0.16000,
,,,-00.000000209400,   0.08000,
,,,-00.000000209200,   0.08000,
,,,-00.000000209000,   0.08000,
,,,-00.000000208800,   0.00000,
,,,-00.000000208600,   0.08000,
,,,-00.000000208400,   0.08000,
,,,-00.000000208200,   0.08000,
,,,-00.000000208000,   0.16000,
,,,-00.000000207800,   0.16000,
,,,-00.000000207600,   0.16000,
,,,-00.000000207400,   0.08000,
,,,-00.000000207200,   0.08000,
,,,-00.000000207000,   0.08000,
,,,-00.000000206800,   0.00000,
,,,-00.000000206600,   0.08000,
,,,-00.000000206400,   0.08000,
,,,-00.000000206200,   0.08000,
,,,-00.000000206000,   0.16000,
,,,-00.000000205800,   0.16000,
,,,-00.000000205600,   0.24000,
,,,-00.000000205400,   0.24000,
,,,-00.000000205200,   0.24000,
,,,-00.000000205000,   0.16000,
,,,-00.000000204800,   0.16000,
,,,-00.000000204600,   0.16000,
,,,-00.000000204400,   0.16000,
,,,-00.000000204200,   0.16000,
,,,-00.000000204000,   0.16000,
,,,-00.000000203800,   0.16000,
,,,-00.000000203600,   0.16000,
,,,-00.000000203400,   0.16000,
,,,-00.000000203200,   0.16000,
,,,-00.000000203000,   0.08000,
,,,-00.000000202800,   0.08000,
,,,-00.000000202600,   0.08000,
,,,-00.000000202400,   0.08000,
,,,-00.000000202200,   0.08000,
,,,-00.000000202000,   0.16000,
,,,-00.000000201800,   0.16000,
,,,-00.000000201600,   0.16000,
,,,-00.000000201400,   0.16000,
,,,-00.000000201200,   0.16000,
,,,-00.000000201000,   0.16000,
,,,-00.000000200800,   0.16000,
,,,-00.000000200600,   0.24000,
,,,-00.000000200400,   0.24000,
,,,-00.000000200200,   0.24000,
,,,-00.000000200000,   0.16000,
,,,-00.000000199800,   0.16000,
,,,-00.000000199600,   0.16000,
,,,-00.000000199400,   0.16000,
,,,-00.000000199200,   0.16000,
,,,-00.000000199000,   0.24000,
,,,-00.000000198800,   0.16000,
,,,-00.000000198600,   0.16000,
,,,-00.000000198400,   0.08000,
,,,-00.000000198200,   0.08000,
,,,-00.000000198000,   0.08000,
,,,-00.000000197800,   0.08000,
,,,-00.000000197600,   0.16000,
,,,-00.000000197400,   0.16000,
,,,-00.000000197200,   0.16000,
,,,-00.000000197000,   0.16000,
,,,-00.000000196800,   0.16000,
,,,-00.000000196600,   0.16000,
,,,-00.000000196400,   0.16000,
,,,-00.000000196200,   0.16000,
,,,-00.000000196000,   0.16000,
,,,-00.000000195800,   0.16000,
,,,-00.000000195600,   0.16000,
,,,-00.000000195400,   0.16000,
,,,-00.000000195200,   0.16000,
,,,-00.000000195000,   0.16000,
,,,-00.000000194800,   0.16000,
,,,-00.000000194600,   0.16000,
,,,-00.000000194400,   0.16000,
,,,-00.000000194200,   0.16000,
,,,-00.000000194000,   0.16000,
,,,-00.000000193800,   0.16000,
,,,-00.000000193600,   0.16000,
,,,-00.000000193400,   0.16000,
,,,-00.000000193200,   0.16000,
,,,-00.000000193000,   0.16000,
,,,-00.000000192800,   0.16000,
,,,-00.000000192600,   0.24000,
,,,-00.000000192400,   0.24000,
,,,-00.000000192200,   0.24000,
,,,-00.000000192000,   0.24000,
,,,-00.000000191800,   0.24000,
,,,-00.000000191600,   0.32000,
,,,-00.000000191400,   0.32000,
,,,-00.000000191200,   0.32000,
,,,-00.000000191000,   0.32000,
,,,-00.000000190800,   0.32000,
,,,-00.000000190600,   0.32000,
,,,-00.000000190400,   0.24000,
,,,-00.000000190200,   0.16000,
,,,-00.000000190000,   0.16000,
,,,-00.000000189800,   0.16000,
,,,-00.000000189600,   0.24000,
,,,-00.000000189400,   0.24000,
,,,-00.000000189200,   0.24000,
,,,-00.000000189000,   0.24000,
,,,-00.000000188800,   0.24000,
,,,-00.000000188600,   0.24000,
,,,-00.000000188400,   0.24000,
,,,-00.000000188200,   0.24000,
,,,-00.000000188000,   0.16000,
,,,-00.000000187800,   0.08000,
,,,-00.000000187600,   0.08000,
,,,-00.000000187400,   0.00000,
,,,-00.000000187200,   0.00000,
,,,-00.000000187000,   0.08000,
,,,-00.000000186800,   0.08000,
,,,-00.000000186600,   0.16000,
,,,-00.000000186400,   0.08000,
,,,-00.000000186200,   0.08000,
,,,-00.000000186000,   0.08000,
,,,-00.000000185800,   0.00000,
,,,-00.000000185600,   0.08000,
,,,-00.000000185400,   0.08000,
,,,-00.000000185200,   0.08000,
,,,-00.000000185000,   0.16000,
,,,-00.000000184800,   0.16000,
,,,-00.000000184600,   0.16000,
,,,-00.000000184400,   0.16000,
,,,-00.000000184200,   0.16000,
,,,-00.000000184000,   0.16000,
,,,-00.000000183800,   0.16000,
,,,-00.000000183600,   0.16000,
,,,-00.000000183400,   0.16000,
,,,-00.000000183200,   0.16000,
,,,-00.000000183000,   0.16000,
,,,-00.000000182800,   0.16000,
,,,-00.000000182600,   0.16000,
,,,-00.000000182400,   0.16000,
,,,-00.000000182200,   0.16000,
,,,-00.000000182000,   0.16000,
,,,-00.000000181800,   0.16000,
,,,-00.000000181600,   0.16000,
,,,-00.000000181400,   0.16000,
,,,-00.000000181200,   0.16000,
,,,-00.000000181000,   0.08000,
,,,-00.000000180800,   0.08000,
,,,-00.000000180600,   0.08000,
,,,-00.000000180400,   0.00000,
,,,-00.000000180200,   0.08000,
,,,-00.000000180000,   0.08000,
,,,-00.000000179800,   0.08000,
,,,-00.000000179600,   0.16000,
,,,-00.000000179400,   0.08000,
,,,-00.000000179200,   0.08000,
,,,-00.000000179000,   0.08000,
,,,-00.000000178800,   0.00000,
,,,-00.000000178600,   0.08000,
,,,-00.000000178400,   0.08000,
,,,-00.000000178200,   0.08000,
,,,-00.000000178000,   0.16000,
,,,-00.000000177800,   0.16000,
,,,-00.000000177600,   0.16000,
,,,-00.000000177400,   0.16000,
,,,-00.000000177200,   0.16000,
,,,-00.000000177000,   0.24000,
,,,-00.000000176800,   0.24000,
,,,-00.000000176600,   0.24000,
,,,-00.000000176400,   0.24000,
,,,-00.000000176200,   0.24000,
,,,-00.000000176000,   0.24000,
,,,-00.000000175800,   0.24000,
,,,-00.000000175600,   0.24000,
,,,-00.000000175400,   0.16000,
,,,-00.000000175200,   0.16000,
,,,-00.000000175000,   0.16000,
,,,-00.000000174800,   0.08000,
,,,-00.000000174600,   0.16000,
,,,-00.000000174400,   0.16000,
,,,-00.000000174200,   0.16000,
,,,-00.000000174000,   0.24000,
,,,-00.000000173800,   0.24000,
,,,-00.000000173600,   0.24000,
,,,-00.000000173400,   0.24000,
,,,-00.000000173200,   0.24000,
,,,-00.000000173000,   0.16000,
,,,-00.000000172800,   0.16000,
,,,-00.000000172600,   0.16000,
,,,-00.000000172400,   0.16000,
,,,-00.000000172200,   0.16000,
,,,-00.000000172000,   0.16000,
,,,-00.000000171800,   0.16000,
,,,-00.000000171600,   0.16000,
,,,-00.000000171400,   0.16000,
,,,-00.000000171200,   0.16000,
,,,-00.000000171000,   0.08000,
,,,-00.000000170800,   0.08000,
,,,-00.000000170600,   0.08000,
,,,-00.000000170400,   0.00000,
,,,-00.000000170200,   0.08000,
,,,-00.000000170000,   0.08000,
,,,-00.000000169800,   0.08000,
,,,-00.000000169600,   0.16000,
,,,-00.000000169400,   0.16000,
,,,-00.000000169200,   0.16000,
,,,-00.000000169000,   0.16000,
,,,-00.000000168800,   0.16000,
,,,-00.000000168600,   0.16000,
,,,-00.000000168400,   0.16000,
,,,-00.000000168200,   0.16000,
,,,-00.000000168000,   0.16000,
,,,-00.000000167800,   0.16000,
,,,-00.000000167600,   0.16000,
,,,-00.000000167400,   0.16000,
,,,-00.000000167200,   0.16000,
,,,-00.000000167000,   0.16000,
,,,-00.000000166800,   0.16000,
,,,-00.000000166600,   0.16000,
,,,-00.000000166400,   0.16000,
,,,-00.000000166200,   0.16000,
,,,-00.000000166000,   0.16000,
,,,-00.000000165800,   0.16000,
,,,-00.000000165600,   0.16000,
,,,-00.000000165400,   0.16000,
,,,-00.000000165200,   0.16000,
,,,-00.000000165000,   0.16000,
,,,-00.000000164800,   0.16000,
,,,-00.000000164600,   0.16000,
,,,-00.000000164400,   0.16000,
,,,-00.000000164200,   0.16000,
,,,-00.000000164000,   0.08000,
,,,-00.000000163800,   0.00000,
,,,-00.000000163600,   0.00000,
,,,-00.000000163400,   0.00000,
,,,-00.000000163200,   0.00000,
,,,-00.000000163000,   0.08000,
,,,-00.000000162800,   0.08000,
,,,-00.000000162600,   0.16000,
,,,-00.000000162400,   0.16000,
,,,-00.000000162200,   0.16000,
,,,-00.000000162000,   0.08000,
,,,-00.000000161800,   0.08000,
,,,-00.000000161600,   0.08000,
,,,-00.000000161400,   0.00000,
,,,-00.000000161200,   0.08000,
,,,-00.000000161000,   0.08000,
,,,-00.000000160800,   0.08000,
,,,-00.000000160600,   0.16000,
,,,-00.000000160400,   0.08000,
,,,-00.000000160200,   0.08000,
,,,-00.000000160000,   0.08000,
,,,-00.000000159800,   0.00000,
,,,-00.000000159600,   0.08000,
,,,-00.000000159400,   0.08000,
,,,-00.000000159200,   0.08000,
,,,-00.000000159000,   0.16000,
,,,-00.000000158800,   0.16000,
,,,-00.000000158600,   0.16000,
,,,-00.000000158400,   0.16000,
,,,-00.000000158200,   0.16000,
,,,-00.000000158000,   0.16000,
,,,-00.000000157800,   0.16000,
,,,-00.000000157600,   0.24000,
,,,-00.000000157400,   0.16000,
,,,-00.000000157200,   0.16000,
,,,-00.000000157000,   0.08000,
,,,-00.000000156800,   0.08000,
,,,-00.000000156600,   0.08000,
,,,-00.000000156400,   0.08000,
,,,-00.000000156200,   0.08000,
,,,-00.000000156000,   0.08000,
,,,-00.000000155800,   0.08000,
,,,-00.000000155600,   0.08000,
,,,-00.000000155400,   0.08000,
,,,-00.000000155200,   0.08000,
,,,-00.000000155000,   0.16000,
,,,-00.000000154800,   0.16000,
,,,-00.000000154600,   0.24000,
,,,-00.000000154400,   0.16000,
,,,-00.000000154200,   0.16000,
,,,-00.000000154000,   0.16000,
,,,-00.000000153800,   0.16000,
,,,-00.000000153600,   0.16000,
,,,-00.000000153400,   0.16000,
,,,-00.000000153200,   0.16000,
,,,-00.000000153000,   0.16000,
,,,-00.000000152800,   0.16000,
,,,-00.000000152600,   0.16000,
,,,-00.000000152400,   0.08000,
,,,-00.000000152200,   0.08000,
,,,-00.000000152000,   0.08000,
,,,-00.000000151800,   0.08000,
,,,-00.000000151600,   0.16000,
,,,-00.000000151400,   0.08000,
,,,-00.000000151200,   0.08000,
,,,-00.000000151000,   0.00000,
,,,-00.000000150800,   0.00000,
,,,-00.000000150600,   0.08000,
,,,-00.000000150400,   0.08000,
,,,-00.000000150200,   0.16000,
,,,-00.000000150000,   0.24000,
,,,-00.000000149800,   0.24000,
,,,-00.000000149600,   0.24000,
,,,-00.000000149400,   0.24000,
,,,-00.000000149200,   0.24000,
,,,-00.000000149000,   0.16000,
,,,-00.000000148800,   0.16000,
,,,-00.000000148600,   0.16000,
,,,-00.000000148400,   0.08000,
,,,-00.000000148200,   0.08000,
,,,-00.000000148000,   0.08000,
,,,-00.000000147800,   0.00000,
,,,-00.000000147600,   0.08000,
,,,-00.000000147400,   0.08000,
,,,-00.000000147200,   0.08000,
,,,-00.000000147000,   0.16000,
,,,-00.000000146800,   0.16000,
,,,-00.000000146600,   0.16000,
,,,-00.000000146400,   0.16000,
,,,-00.000000146200,   0.16000,
,,,-00.000000146000,   0.16000,
,,,-00.000000145800,   0.16000,
,,,-00.000000145600,   0.16000,
,,,-00.000000145400,   0.16000,
,,,-00.000000145200,   0.16000,
,,,-00.000000145000,   0.16000,
,,,-00.000000144800,   0.16000,
,,,-00.000000144600,   0.24000,
,,,-00.000000144400,   0.24000,
,,,-00.000000144200,   0.24000,
,,,-00.000000144000,   0.24000,
,,,-00.000000143800,   0.24000,
,,,-00.000000143600,   0.24000,
,,,-00.000000143400,   0.16000,
,,,-00.000000143200,   0.16000,
,,,-00.000000143000,   0.16000,
,,,-00.000000142800,   0.16000,
,,,-00.000000142600,   0.24000,
,,,-00.000000142400,   0.24000,
,,,-00.000000142200,   0.32000,
,,,-00.000000142000,   0.24000,
,,,-00.000000141800,   0.24000,
,,,-00.000000141600,   0.24000,
,,,-00.000000141400,   0.24000,
,,,-00.000000141200,   0.24000,
,,,-00.000000141000,   0.16000,
,,,-00.000000140800,   0.16000,
,,,-00.000000140600,   0.16000,
,,,-00.000000140400,   0.16000,
,,,-00.000000140200,   0.16000,
,,,-00.000000140000,   0.24000,
,,,-00.000000139800,   0.24000,
,,,-00.000000139600,   0.24000,
,,,-00.000000139400,   0.24000,
,,,-00.000000139200,   0.24000,
,,,-00.000000139000,   0.24000,
,,,-00.000000138800,   0.24000,
,,,-00.000000138600,   0.24000,
,,,-00.000000138400,   0.16000,
,,,-00.000000138200,   0.16000,
,,,-00.000000138000,   0.16000,
,,,-00.000000137800,   0.16000,
,,,-00.000000137600,   0.16000,
,,,-00.000000137400,   0.16000,
,,,-00.000000137200,   0.16000,
,,,-00.000000137000,   0.16000,
,,,-00.000000136800,   0.16000,
,,,-00.000000136600,   0.16000,
,,,-00.000000136400,   0.08000,
,,,-00.000000136200,   0.08000,
,,,-00.000000136000,   0.08000,
,,,-00.000000135800,   0.08000,
,,,-00.000000135600,   0.16000,
,,,-00.000000135400,   0.16000,
,,,-00.000000135200,   0.16000,
,,,-00.000000135000,   0.08000,
,,,-00.000000134800,   0.08000,
,,,-00.000000134600,   0.08000,
,,,-00.000000134400,   0.08000,
,,,-00.000000134200,   0.08000,
,,,-00.000000134000,   0.08000,
,,,-00.000000133800,   0.08000,
,,,-00.000000133600,   0.08000,
,,,-00.000000133400,   0.08000,
,,,-00.000000133200,   0.08000,
,,,-00.000000133000,   0.08000,
,,,-00.000000132800,   0.08000,
,,,-00.000000132600,   0.08000,
,,,-00.000000132400,   0.08000,
,,,-00.000000132200,   0.08000,
,,,-00.000000132000,   0.16000,
,,,-00.000000131800,   0.16000,
,,,-00.000000131600,   0.16000,
,,,-00.000000131400,   0.08000,
,,,-00.000000131200,   0.08000,
,,,-00.000000131000,   0.08000,
,,,-00.000000130800,   0.00000,
,,,-00.000000130600,   0.08000,
,,,-00.000000130400,   0.08000,
,,,-00.000000130200,   0.08000,
,,,-00.000000130000,   0.16000,
,,,-00.000000129800,   0.16000,
,,,-00.000000129600,   0.16000,
,,,-00.000000129400,   0.08000,
,,,-00.000000129200,   0.08000,
,,,-00.000000129000,   0.08000,
,,,-00.000000128800,   0.00000,
,,,-00.000000128600,   0.08000,
,,,-00.000000128400,   0.08000,
,,,-00.000000128200,   0.08000,
,,,-00.000000128000,   0.16000,
,,,-00.000000127800,   0.16000,
,,,-00.000000127600,   0.16000,
,,,-00.000000127400,   0.16000,
,,,-00.000000127200,   0.16000,
,,,-00.000000127000,   0.16000,
,,,-00.000000126800,   0.16000,
,,,-00.000000126600,   0.16000,
,,,-00.000000126400,   0.16000,
,,,-00.000000126200,   0.16000,
,,,-00.000000126000,   0.16000,
,,,-00.000000125800,   0.16000,
,,,-00.000000125600,   0.16000,
,,,-00.000000125400,   0.16000,
,,,-00.000000125200,   0.16000,
,,,-00.000000125000,   0.24000,
,,,-00.000000124800,   0.24000,
,,,-00.000000124600,   0.24000,
,,,-00.000000124400,   0.16000,
,,,-00.000000124200,   0.16000,
,,,-00.000000124000,   0.16000,
,,,-00.000000123800,   0.16000,
,,,-00.000000123600,   0.16000,
,,,-00.000000123400,   0.16000,
,,,-00.000000123200,   0.16000,
,,,-00.000000123000,   0.16000,
,,,-00.000000122800,   0.16000,
,,,-00.000000122600,   0.24000,
,,,-00.000000122400,   0.16000,
,,,-00.000000122200,   0.16000,
,,,-00.000000122000,   0.16000,
,,,-00.000000121800,   0.08000,
,,,-00.000000121600,   0.16000,
,,,-00.000000121400,   0.16000,
,,,-00.000000121200,   0.16000,
,,,-00.000000121000,   0.24000,
,,,-00.000000120800,   0.24000,
,,,-00.000000120600,   0.24000,
,,,-00.000000120400,   0.24000,
,,,-00.000000120200,   0.24000,
,,,-00.000000120000,   0.32000,
,,,-00.000000119800,   0.32000,
,,,-00.000000119600,   0.32000,
,,,-00.000000119400,   0.24000,
,,,-00.000000119200,   0.24000,
,,,-00.000000119000,   0.16000,
,,,-00.000000118800,   0.16000,
,,,-00.000000118600,   0.16000,
,,,-00.000000118400,   0.16000,
,,,-00.000000118200,   0.16000,
,,,-00.000000118000,   0.24000,
,,,-00.000000117800,   0.24000,
,,,-00.000000117600,   0.24000,
,,,-00.000000117400,   0.16000,
,,,-00.000000117200,   0.16000,
,,,-00.000000117000,   0.16000,
,,,-00.000000116800,   0.16000,
,,,-00.000000116600,   0.16000,
,,,-00.000000116400,   0.16000,
,,,-00.000000116200,   0.16000,
,,,-00.000000116000,   0.16000,
,,,-00.000000115800,   0.16000,
,,,-00.000000115600,   0.16000,
,,,-00.000000115400,   0.16000,
,,,-00.000000115200,   0.16000,
,,,-00.000000115000,   0.16000,
,,,-00.000000114800,   0.16000,
,,,-00.000000114600,   0.16000,
,,,-00.000000114400,   0.16000,
,,,-00.000000114200,   0.16000,
,,,-00.000000114000,   0.16000,
,,,-00.000000113800,   0.16000,
,,,-00.000000113600,   0.16000,
,,,-00.000000113400,   0.08000,
,,,-00.000000113200,   0.08000,
,,,-00.000000113000,   0.08000,
,,,-00.000000112800,   0.08000,
,,,-00.000000112600,   0.16000,
,,,-00.000000112400,   0.16000,
,,,-00.000000112200,   0.16000,
,,,-00.000000112000,   0.24000,
,,,-00.000000111800,   0.24000,
,,,-00.000000111600,   0.24000,
,,,-00.000000111400,   0.24000,
,,,-00.000000111200,   0.24000,
,,,-00.000000111000,   0.16000,
,,,-00.000000110800,   0.16000,
,,,-00.000000110600,   0.16000,
,,,-00.000000110400,   0.16000,
,,,-00.000000110200,   0.16000,
,,,-00.000000110000,   0.24000,
,,,-00.000000109800,   0.16000,
,,,-00.000000109600,   0.16000,
,,,-00.000000109400,   0.08000,
,,,-00.000000109200,   0.08000,
,,,-00.000000109000,   0.08000,
,,,-00.000000108800,   0.08000,
,,,-00.000000108600,   0.16000,
,,,-00.000000108400,   0.16000,
,,,-00.000000108200,   0.16000,
,,,-00.000000108000,   0.16000,
,,,-00.000000107800,   0.16000,
,,,-00.000000107600,   0.16000,
,,,-00.000000107400,   0.16000,
,,,-00.000000107200,   0.16000,
,,,-00.000000107000,   0.16000,
,,,-00.000000106800,   0.16000,
,,,-00.000000106600,   0.16000,
,,,-00.000000106400,   0.16000,
,,,-00.000000106200,   0.16000,
,,,-00.000000106000,   0.08000,
,,,-00.000000105800,   0.08000,
,,,-00.000000105600,   0.08000,
,,,-00.000000105400,   0.08000,
,,,-00.000000105200,   0.16000,
,,,-00.000000105000,   0.24000,
,,,-00.000000104800,   0.24000,
,,,-00.000000104600,   0.24000,
,,,-00.000000104400,   0.16000,
,,,-00.000000104200,   0.16000,
,,,-00.000000104000,   0.16000,
,,,-00.000000103800,   0.16000,
,,,-00.000000103600,   0.16000,
,,,-00.000000103400,   0.16000,
,,,-00.000000103200,   0.16000,
,,,-00.000000103000,   0.16000,
,,,-00.000000102800,   0.16000,
,,,-00.000000102600,   0.16000,
,,,-00.000000102400,   0.16000,
,,,-00.000000102200,   0.16000,
,,,-00.000000102000,   0.16000,
,,,-00.000000101800,   0.16000,
,,,-00.000000101600,   0.16000,
,,,-00.000000101400,   0.16000,
,,,-00.000000101200,   0.16000,
,,,-00.000000101000,   0.24000,
,,,-00.000000100800,   0.24000,
,,,-00.000000100600,   0.24000,
,,,-00.000000100400,   0.16000,
,,,-00.000000100200,   0.16000,
,,,-00.000000100000,   0.16000,
,,,-00.000000099800,   0.16000,
,,,-00.000000099600,   0.16000,
,,,-00.000000099400,   0.16000,
,,,-00.000000099200,   0.16000,
,,,-00.000000099000,   0.08000,
,,,-00.000000098800,   0.08000,
,,,-00.000000098600,   0.08000,
,,,-00.000000098400,   0.08000,
,,,-00.000000098200,   0.08000,
,,,-00.000000098000,   0.16000,
,,,-00.000000097800,   0.16000,
,,,-00.000000097600,   0.16000,
,,,-00.000000097400,   0.08000,
,,,-00.000000097200,   0.08000,
,,,-00.000000097000,   0.08000,
,,,-00.000000096800,   0.00000,
,,,-00.000000096600,   0.08000,
,,,-00.000000096400,   0.08000,
,,,-00.000000096200,   0.08000,
,,,-00.000000096000,   0.16000,
,,,-00.000000095800,   0.16000,
,,,-00.000000095600,   0.16000,
,,,-00.000000095400,   0.16000,
,,,-00.000000095200,   0.16000,
,,,-00.000000095000,   0.16000,
,,,-00.000000094800,   0.16000,
,,,-00.000000094600,   0.24000,
,,,-00.000000094400,   0.24000,
,,,-00.000000094200,   0.24000,
,,,-00.000000094000,   0.16000,
,,,-00.000000093800,   0.16000,
,,,-00.000000093600,   0.16000,
,,,-00.000000093400,   0.16000,
,,,-00.000000093200,   0.16000,
,,,-00.000000093000,   0.16000,
,,,-00.000000092800,   0.16000,
,,,-00.000000092600,   0.16000,
,,,-00.000000092400,   0.08000,
,,,-00.000000092200,   0.08000,
,,,-00.000000092000,   0.08000,
,,,-00.000000091800,   0.08000,
,,,-00.000000091600,   0.16000,
,,,-00.000000091400,   0.08000,
,,,-00.000000091200,   0.08000,
,,,-00.000000091000,   0.08000,
,,,-00.000000090800,   0.08000,
,,,-00.000000090600,   0.16000,
,,,-00.000000090400,   0.16000,
,,,-00.000000090200,   0.16000,
,,,-00.000000090000,   0.16000,
,,,-00.000000089800,   0.16000,
,,,-00.000000089600,   0.16000,
,,,-00.000000089400,   0.16000,
,,,-00.000000089200,   0.16000,
,,,-00.000000089000,   0.16000,
,,,-00.000000088800,   0.16000,
,,,-00.000000088600,   0.24000,
,,,-00.000000088400,   0.24000,
,,,-00.000000088200,   0.24000,
,,,-00.000000088000,   0.16000,
,,,-00.000000087800,   0.16000,
,,,-00.000000087600,   0.16000,
,,,-00.000000087400,   0.16000,
,,,-00.000000087200,   0.16000,
,,,-00.000000087000,   0.16000,
,,,-00.000000086800,   0.16000,
,,,-00.000000086600,   0.16000,
,,,-00.000000086400,   0.08000,
,,,-00.000000086200,   0.08000,
,,,-00.000000086000,   0.08000,
,,,-00.000000085800,   0.00000,
,,,-00.000000085600,   0.08000,
,,,-00.000000085400,   0.08000,
,,,-00.000000085200,   0.08000,
,,,-00.000000085000,   0.16000,
,,,-00.000000084800,   0.16000,
,,,-00.000000084600,   0.16000,
,,,-00.000000084400,   0.16000,
,,,-00.000000084200,   0.16000,
,,,-00.000000084000,   0.16000,
,,,-00.000000083800,   0.16000,
,,,-00.000000083600,   0.16000,
,,,-00.000000083400,   0.16000,
,,,-00.000000083200,   0.16000,
,,,-00.000000083000,   0.16000,
,,,-00.000000082800,   0.16000,
,,,-00.000000082600,   0.16000,
,,,-00.000000082400,   0.16000,
,,,-00.000000082200,   0.16000,
,,,-00.000000082000,   0.16000,
,,,-00.000000081800,   0.16000,
,,,-00.000000081600,   0.16000,
,,,-00.000000081400,   0.16000,
,,,-00.000000081200,   0.16000,
,,,-00.000000081000,   0.16000,
,,,-00.000000080800,   0.16000,
,,,-00.000000080600,   0.16000,
,,,-00.000000080400,   0.08000,
,,,-00.000000080200,   0.08000,
,,,-00.000000080000,   0.00000,
,,,-00.000000079800,   0.00000,
,,,-00.000000079600,   0.08000,
,,,-00.000000079400,   0.08000,
,,,-00.000000079200,   0.16000,
,,,-00.000000079000,   0.24000,
,,,-00.000000078800,   0.24000,
,,,-00.000000078600,   0.24000,
,,,-00.000000078400,   0.16000,
,,,-00.000000078200,   0.08000,
,,,-00.000000078000,   0.08000,
,,,-00.000000077800,   0.08000,
,,,-00.000000077600,   0.16000,
,,,-00.000000077400,   0.16000,
,,,-00.000000077200,   0.16000,
,,,-00.000000077000,   0.24000,
,,,-00.000000076800,   0.24000,
,,,-00.000000076600,   0.24000,
,,,-00.000000076400,   0.16000,
,,,-00.000000076200,   0.16000,
,,,-00.000000076000,   0.16000,
,,,-00.000000075800,   0.16000,
,,,-00.000000075600,   0.16000,
,,,-00.000000075400,   0.16000,
,,,-00.000000075200,   0.16000,
,,,-00.000000075000,   0.16000,
,,,-00.000000074800,   0.16000,
,,,-00.000000074600,   0.16000,
,,,-00.000000074400,   0.16000,
,,,-00.000000074200,   0.16000,
,,,-00.000000074000,   0.16000,
,,,-00.000000073800,   0.16000,
,,,-00.000000073600,   0.16000,
,,,-00.000000073400,   0.16000,
,,,-00.000000073200,   0.16000,
,,,-00.000000073000,   0.16000,
,,,-00.000000072800,   0.16000,
,,,-00.000000072600,   0.16000,
,,,-00.000000072400,   0.16000,
,,,-00.000000072200,   0.16000,
,,,-00.000000072000,   0.16000,
,,,-00.000000071800,   0.16000,
,,,-00.000000071600,   0.16000,
,,,-00.000000071400,   0.16000,
,,,-00.000000071200,   0.16000,
,,,-00.000000071000,   0.24000,
,,,-00.000000070800,   0.24000,
,,,-00.000000070600,   0.24000,
,,,-00.000000070400,   0.16000,
,,,-00.000000070200,   0.16000,
,,,-00.000000070000,   0.16000,
,,,-00.000000069800,   0.16000,
,,,-00.000000069600,   0.16000,
,,,-00.000000069400,   0.08000,
,,,-00.000000069200,   0.08000,
,,,-00.000000069000,   0.00000,
,,,-00.000000068800,   0.00000,
,,,-00.000000068600,   0.08000,
,,,-00.000000068400,   0.08000,
,,,-00.000000068200,   0.16000,
,,,-00.000000068000,   0.24000,
,,,-00.000000067800,   0.24000,
,,,-00.000000067600,   0.24000,
,,,-00.000000067400,   0.16000,
,,,-00.000000067200,   0.16000,
,,,-00.000000067000,   0.16000,
,,,-00.000000066800,   0.16000,
,,,-00.000000066600,   0.24000,
,,,-00.000000066400,   0.16000,
,,,-00.000000066200,   0.16000,
,,,-00.000000066000,   0.08000,
,,,-00.000000065800,   0.08000,
,,,-00.000000065600,   0.08000,
,,,-00.000000065400,   0.08000,
,,,-00.000000065200,   0.16000,
,,,-00.000000065000,   0.24000,
,,,-00.000000064800,   0.24000,
,,,-00.000000064600,   0.24000,
,,,-00.000000064400,   0.16000,
,,,-00.000000064200,   0.16000,
,,,-00.000000064000,   0.16000,
,,,-00.000000063800,   0.16000,
,,,-00.000000063600,   0.16000,
,,,-00.000000063400,   0.08000,
,,,-00.000000063200,   0.08000,
,,,-00.000000063000,   0.08000,
,,,-00.000000062800,   0.00000,
,,,-00.000000062600,   0.08000,
,,,-00.000000062400,   0.08000,
,,,-00.000000062200,   0.08000,
,,,-00.000000062000,   0.16000,
,,,-00.000000061800,   0.16000,
,,,-00.000000061600,   0.16000,
,,,-00.000000061400,   0.16000,
,,,-00.000000061200,   0.16000,
,,,-00.000000061000,   0.16000,
,,,-00.000000060800,   0.08000,
,,,-00.000000060600,   0.16000,
,,,-00.000000060400,   0.16000,
,,,-00.000000060200,   0.24000,
,,,-00.000000060000,   0.32000,
,,,-00.000000059800,   0.24000,
,,,-00.000000059600,   0.24000,
,,,-00.000000059400,   0.16000,
,,,-00.000000059200,   0.08000,
,,,-00.000000059000,   0.08000,
,,,-00.000000058800,   0.16000,
,,,-00.000000058600,   0.24000,
,,,-00.000000058400,   0.24000,
,,,-00.000000058200,   0.24000,
,,,-00.000000058000,   0.16000,
,,,-00.000000057800,   0.16000,
,,,-00.000000057600,   0.16000,
,,,-00.000000057400,   0.16000,
,,,-00.000000057200,   0.16000,
,,,-00.000000057000,   0.24000,
,,,-00.000000056800,   0.24000,
,,,-00.000000056600,   0.24000,
,,,-00.000000056400,   0.16000,
,,,-00.000000056200,   0.16000,
,,,-00.000000056000,   0.16000,
,,,-00.000000055800,   0.16000,
,,,-00.000000055600,   0.16000,
,,,-00.000000055400,   0.16000,
,,,-00.000000055200,   0.16000,
,,,-00.000000055000,   0.16000,
,,,-00.000000054800,   0.16000,
,,,-00.000000054600,   0.16000,
,,,-00.000000054400,   0.16000,
,,,-00.000000054200,   0.16000,
,,,-00.000000054000,   0.16000,
,,,-00.000000053800,   0.16000,
,,,-00.000000053600,   0.16000,
,,,-00.000000053400,   0.16000,
,,,-00.000000053200,   0.16000,
,,,-00.000000053000,   0.24000,
,,,-00.000000052800,   0.24000,
,,,-00.000000052600,   0.24000,
,,,-00.000000052400,   0.16000,
,,,-00.000000052200,   0.08000,
,,,-00.000000052000,   0.08000,
,,,-00.000000051800,   0.08000,
,,,-00.000000051600,   0.16000,
,,,-00.000000051400,   0.16000,
,,,-00.000000051200,   0.16000,
,,,-00.000000051000,   0.24000,
,,,-00.000000050800,   0.24000,
,,,-00.000000050600,   0.24000,
,,,-00.000000050400,   0.24000,
,,,-00.000000050200,   0.24000,
,,,-00.000000050000,   0.24000,
,,,-00.000000049800,   0.24000,
,,,-00.000000049600,   0.24000,
,,,-00.000000049400,   0.16000,
,,,-00.000000049200,   0.08000,
,,,-00.000000049000,   0.08000,
,,,-00.000000048800,   0.08000,
,,,-00.000000048600,   0.16000,
,,,-00.000000048400,   0.16000,
,,,-00.000000048200,   0.24000,
,,,-00.000000048000,   0.16000,
,,,-00.000000047800,   0.16000,
,,,-00.000000047600,   0.16000,
,,,-00.000000047400,   0.16000,
,,,-00.000000047200,   0.16000,
,,,-00.000000047000,   0.16000,
,,,-00.000000046800,   0.16000,
,,,-00.000000046600,   0.16000,
,,,-00.000000046400,   0.08000,
,,,-00.000000046200,   0.08000,
,,,-00.000000046000,   0.08000,
,,,-00.000000045800,   0.08000,
,,,-00.000000045600,   0.16000,
,,,-00.000000045400,   0.16000,
,,,-00.000000045200,   0.16000,
,,,-00.000000045000,   0.08000,
,,,-00.000000044800,   0.08000,
,,,-00.000000044600,   0.08000,
,,,-00.000000044400,   0.00000,
,,,-00.000000044200,   0.00000,
,,,-00.000000044000,   0.08000,
,,,-00.000000043800,   0.16000,
,,,-00.000000043600,   0.24000,
,,,-00.000000043400,   0.16000,
,,,-00.000000043200,   0.16000,
,,,-00.000000043000,   0.16000,
,,,-00.000000042800,   0.16000,
,,,-00.000000042600,   0.16000,
,,,-00.000000042400,   0.16000,
,,,-00.000000042200,   0.16000,
,,,-00.000000042000,   0.08000,
,,,-00.000000041800,   0.08000,
,,,-00.000000041600,   0.08000,
,,,-00.000000041400,   0.08000,
,,,-00.000000041200,   0.08000,
,,,-00.000000041000,   0.08000,
,,,-00.000000040800,   0.08000,
,,,-00.000000040600,   0.08000,
,,,-00.000000040400,   0.08000,
,,,-00.000000040200,   0.08000,
,,,-00.000000040000,   0.16000,
,,,-00.000000039800,   0.16000,
,,,-00.000000039600,   0.16000,
,,,-00.000000039400,   0.16000,
,,,-00.000000039200,   0.16000,
,,,-00.000000039000,   0.16000,
,,,-00.000000038800,   0.16000,
,,,-00.000000038600,   0.16000,
,,,-00.000000038400,   0.16000,
,,,-00.000000038200,   0.16000,
,,,-00.000000038000,   0.16000,
,,,-00.000000037800,   0.16000,
,,,-00.000000037600,   0.16000,
,,,-00.000000037400,   0.16000,
,,,-00.000000037200,   0.16000,
,,,-00.000000037000,   0.16000,
,,,-00.000000036800,   0.16000,
,,,-00.000000036600,   0.16000,
,,,-00.000000036400,   0.16000,
,,,-00.000000036200,   0.16000,
,,,-00.000000036000,   0.16000,
,,,-00.000000035800,   0.16000,
,,,-00.000000035600,   0.16000,
,,,-00.000000035400,   0.16000,
,,,-00.000000035200,   0.16000,
,,,-00.000000035000,   0.16000,
,,,-00.000000034800,   0.16000,
,,,-00.000000034600,   0.16000,
,,,-00.000000034400,   0.08000,
,,,-00.000000034200,   0.08000,
,,,-00.000000034000,   0.08000,
,,,-00.000000033800,   0.08000,
,,,-00.000000033600,   0.16000,
,,,-00.000000033400,   0.08000,
,,,-00.000000033200,   0.08000,
,,,-00.000000033000,   0.08000,
,,,-00.000000032800,   0.08000,
,,,-00.000000032600,   0.16000,
,,,-00.000000032400,   0.16000,
,,,-00.000000032200,   0.16000,
,,,-00.000000032000,   0.16000,
,,,-00.000000031800,   0.16000,
,,,-00.000000031600,   0.16000,
,,,-00.000000031400,   0.16000,
,,,-00.000000031200,   0.16000,
,,,-00.000000031000,   0.08000,
,,,-00.000000030800,   0.08000,
,,,-00.000000030600,   0.08000,
,,,-00.000000030400,   0.00000,
,,,-00.000000030200,   0.08000,
,,,-00.000000030000,   0.08000,
,,,-00.000000029800,   0.08000,
,,,-00.000000029600,   0.16000,
,,,-00.000000029400,   0.16000,
,,,-00.000000029200,   0.16000,
,,,-00.000000029000,   0.16000,
,,,-00.000000028800,   0.16000,
,,,-00.000000028600,   0.16000,
,,,-00.000000028400,   0.16000,
,,,-00.000000028200,   0.16000,
,,,-00.000000028000,   0.24000,
,,,-00.000000027800,   0.16000,
,,,-00.000000027600,   0.16000,
,,,-00.000000027400,   0.08000,
,,,-00.000000027200,   0.08000,
,,,-00.000000027000,   0.00000,
,,,-00.000000026800,   0.00000,
,,,-00.000000026600,   0.00000,
,,,-00.000000026400,   0.00000,
,,,-00.000000026200,   0.00000,
,,,-00.000000026000,   0.08000,
,,,-00.000000025800,   0.08000,
,,,-00.000000025600,   0.16000,
,,,-00.000000025400,   0.08000,
,,,-00.000000025200,   0.08000,
,,,-00.000000025000,   0.08000,
,,,-00.000000024800,   0.08000,
,,,-00.000000024600,   0.16000,
,,,-00.000000024400,   0.16000,
,,,-00.000000024200,   0.16000,
,,,-00.000000024000,   0.16000,
,,,-00.000000023800,   0.16000,
,,,-00.000000023600,   0.16000,
,,,-00.000000023400,   0.08000,
,,,-00.000000023200,   0.08000,
,,,-00.000000023000,   0.08000,
,,,-00.000000022800,   0.08000,
,,,-00.000000022600,   0.16000,
,,,-00.000000022400,   0.16000,
,,,-00.000000022200,   0.16000,
,,,-00.000000022000,   0.08000,
,,,-00.000000021800,   0.08000,
,,,-00.000000021600,   0.08000,
,,,-00.000000021400,   0.08000,
,,,-00.000000021200,   0.08000,
,,,-00.000000021000,   0.16000,
,,,-00.000000020800,   0.16000,
,,,-00.000000020600,   0.24000,
,,,-00.000000020400,   0.24000,
,,,-00.000000020200,   0.24000,
,,,-00.000000020000,   0.24000,
,,,-00.000000019800,   0.24000,
,,,-00.000000019600,   0.24000,
,,,-00.000000019400,   0.24000,
,,,-00.000000019200,   0.24000,
,,,-00.000000019000,   0.16000,
,,,-00.000000018800,   0.16000,
,,,-00.000000018600,   0.16000,
,,,-00.000000018400,   0.16000,
,,,-00.000000018200,   0.16000,
,,,-00.000000018000,   0.16000,
,,,-00.000000017800,   0.16000,
,,,-00.000000017600,   0.16000,
,,,-00.000000017400,   0.16000,
,,,-00.000000017200,   0.16000,
,,,-00.000000017000,   0.16000,
,,,-00.000000016800,   0.16000,
,,,-00.000000016600,   0.24000,
,,,-00.000000016400,   0.24000,
,,,-00.000000016200,   0.24000,
,,,-00.000000016000,   0.16000,
,,,-00.000000015800,   0.16000,
,,,-00.000000015600,   0.16000,
,,,-00.000000015400,   0.16000,
,,,-00.000000015200,   0.16000,
,,,-00.000000015000,   0.16000,
,,,-00.000000014800,   0.16000,
,,,-00.000000014600,   0.16000,
,,,-00.000000014400,   0.16000,
,,,-00.000000014200,   0.16000,
,,,-00.000000014000,   0.16000,
,,,-00.000000013800,   0.16000,
,,,-00.000000013600,   0.16000,
,,,-00.000000013400,   0.08000,
,,,-00.000000013200,   0.08000,
,,,-00.000000013000,   0.08000,
,,,-00.000000012800,   0.08000,
,,,-00.000000012600,   0.16000,
,,,-00.000000012400,   0.16000,
,,,-00.000000012200,   0.16000,
,,,-00.000000012000,   0.24000,
,,,-00.000000011800,   0.24000,
,,,-00.000000011600,   0.24000,
,,,-00.000000011400,   0.24000,
,,,-00.000000011200,   0.24000,
,,,-00.000000011000,   0.24000,
,,,-00.000000010800,   0.24000,
,,,-00.000000010600,   0.24000,
,,,-00.000000010400,   0.16000,
,,,-00.000000010200,   0.16000,
,,,-00.000000010000,   0.16000,
,,,-00.000000009800,   0.16000,
,,,-00.000000009600,   0.16000,
,,,-00.000000009400,   0.16000,
,,,-00.000000009200,   0.16000,
,,,-00.000000009000,   0.08000,
,,,-00.000000008800,   0.08000,
,,,-00.000000008600,   0.08000,
,,,-00.000000008400,   0.00000,
,,,-00.000000008200,   0.08000,
,,,-00.000000008000,   0.08000,
,,,-00.000000007800,   0.08000,
,,,-00.000000007600,   0.16000,
,,,-00.000000007400,   0.16000,
,,,-00.000000007200,   0.16000,
,,,-00.000000007000,   0.16000,
,,,-00.000000006800,   0.16000,
,,,-00.000000006600,   0.16000,
,,,-00.000000006400,   0.08000,
,,,-00.000000006200,   0.08000,
,,,-00.000000006000,   0.08000,
,,,-00.000000005800,   0.08000,
,,,-00.000000005600,   0.16000,
,,,-00.000000005400,   0.16000,
,,,-00.000000005200,   0.16000,
,,,-00.000000005000,   0.16000,
,,,-00.000000004800,   0.16000,
,,,-00.000000004600,   0.16000,
,,,-00.000000004400,   0.08000,
,,,-00.000000004200,   0.08000,
,,,-00.000000004000,   0.08000,
,,,-00.000000003800,   0.08000,
,,,-00.000000003600,   0.16000,
,,,-00.000000003400,   0.16000,
,,,-00.000000003200,   0.16000,
,,,-00.000000003000,   0.24000,
,,,-00.000000002800,   0.32000,
,,,-00.000000002600,   0.40000,
,,,-00.000000002400,   0.48000,
,,,-00.000000002200,   0.56000,
,,,-00.000000002000,   0.64000,
,,,-00.000000001800,   0.80000,
,,,-00.000000001600,   1.04000,
,,,-00.000000001400,   1.20000,
,,,-00.000000001200,   1.44000,
,,,-00.000000001000,   1.68000,
,,,-00.000000000800,   2.00000,
,,,-00.000000000600,   2.24000,
,,,-00.000000000400,   2.40000,
,,,-00.000000000200,   2.64000,
,,,-00.000000000000,   2.72000,
,,,00.000000000200,   2.88000,
,,,00.000000000400,   2.96000,
,,,00.000000000600,   3.04000,
,,,00.000000000800,   3.12000,
,,,00.000000001000,   3.20000,
,,,00.000000001200,   3.36000,
,,,00.000000001400,   3.44000,
,,,00.000000001600,   3.44000,
,,,00.000000001800,   3.44000,
,,,00.000000002000,   3.36000,
,,,00.000000002200,   3.36000,
,,,00.000000002400,   3.36000,
,,,00.000000002600,   3.28000,
,,,00.000000002800,   3.28000,
,,,00.000000003000,   3.20000,
,,,00.000000003200,   3.12000,
,,,00.000000003400,   3.12000,
,,,00.000000003600,   3.04000,
,,,00.000000003800,   3.04000,
,,,00.000000004000,   3.12000,
,,,00.000000004200,   3.12000,
,,,00.000000004400,   3.20000,
,,,00.000000004600,   3.12000,
,,,00.000000004800,   3.04000,
,,,00.000000005000,   2.96000,
,,,00.000000005200,   2.88000,
,,,00.000000005400,   2.88000,
,,,00.000000005600,   2.80000,
,,,00.000000005800,   2.80000,
,,,00.000000006000,   2.88000,
,,,00.000000006200,   2.88000,
,,,00.000000006400,   2.96000,
,,,00.000000006600,   2.96000,
,,,00.000000006800,   2.96000,
,,,00.000000007000,   2.96000,
,,,00.000000007200,   2.96000,
,,,00.000000007400,   3.04000,
,,,00.000000007600,   3.04000,
,,,00.000000007800,   3.04000,
,,,00.000000008000,   3.04000,
,,,00.000000008200,   3.04000,
,,,00.000000008400,   3.12000,
,,,00.000000008600,   3.12000,
,,,00.000000008800,   3.12000,
,,,00.000000009000,   3.12000,
,,,00.000000009200,   3.12000,
,,,00.000000009400,   3.20000,
,,,00.000000009600,   3.20000,
,,,00.000000009800,   3.28000,
,,,00.000000010000,   3.36000,
,,,00.000000010200,   3.36000,
,,,00.000000010400,   3.36000,
,,,00.000000010600,   3.28000,
,,,00.000000010800,   3.28000,
,,,00.000000011000,   3.28000,
,,,00.000000011200,   3.36000,
,,,00.000000011400,   3.44000,
,,,00.000000011600,   3.44000,
,,,00.000000011800,   3.44000,
,,,00.000000012000,   3.44000,
,,,00.000000012200,   3.44000,
,,,00.000000012400,   3.52000,
,,,00.000000012600,   3.52000,
,,,00.000000012800,   3.52000,
,,,00.000000013000,   3.44000,
,,,00.000000013200,   3.44000,
,,,00.000000013400,   3.44000,
,,,00.000000013600,   3.44000,
,,,00.000000013800,   3.44000,
,,,00.000000014000,   3.44000,
,,,00.000000014200,   3.44000,
,,,00.000000014400,   3.44000,
,,,00.000000014600,   3.44000,
,,,00.000000014800,   3.44000,
,,,00.000000015000,   3.36000,
,,,00.000000015200,   3.36000,
,,,00.000000015400,   3.36000,
,,,00.000000015600,   3.28000,
,,,00.000000015800,   3.28000,
,,,00.000000016000,   3.28000,
,,,00.000000016200,   3.28000,
,,,00.000000016400,   3.36000,
,,,00.000000016600,   3.36000,
,,,00.000000016800,   3.36000,
,,,00.000000017000,   3.44000,
,,,00.000000017200,   3.44000,
,,,00.000000017400,   3.44000,
,,,00.000000017600,   3.36000,
,,,00.000000017800,   3.36000,
,,,00.000000018000,   3.36000,
,,,00.000000018200,   3.36000,
,,,00.000000018400,   3.36000,
,,,00.000000018600,   3.28000,
,,,00.000000018800,   3.28000,
,,,00.000000019000,   3.28000,
,,,00.000000019200,   3.28000,
,,,00.000000019400,   3.36000,
,,,00.000000019600,   3.36000,
,,,00.000000019800,   3.44000,
,,,00.000000020000,   3.36000,
,,,00.000000020200,   3.36000,
,,,00.000000020400,   3.36000,
,,,00.000000020600,   3.36000,
,,,00.000000020800,   3.36000,
,,,00.000000021000,   3.44000,
,,,00.000000021200,   3.44000,
,,,00.000000021400,   3.44000,
,,,00.000000021600,   3.44000,
,,,00.000000021800,   3.44000,
,,,00.000000022000,   3.36000,
,,,00.000000022200,   3.36000,
,,,00.000000022400,   3.36000,
,,,00.000000022600,   3.28000,
,,,00.000000022800,   3.36000,
,,,00.000000023000,   3.36000,
,,,00.000000023200,   3.36000,
,,,00.000000023400,   3.44000,
,,,00.000000023600,   3.44000,
,,,00.000000023800,   3.44000,
,,,00.000000024000,   3.44000,
,,,00.000000024200,   3.44000,
,,,00.000000024400,   3.44000,
,,,00.000000024600,   3.44000,
,,,00.000000024800,   3.44000,
,,,00.000000025000,   3.36000,
,,,00.000000025200,   3.36000,
,,,00.000000025400,   3.36000,
,,,00.000000025600,   3.36000,
,,,00.000000025800,   3.36000,
,,,00.000000026000,   3.44000,
,,,00.000000026200,   3.44000,
,,,00.000000026400,   3.44000,
,,,00.000000026600,   3.44000,
,,,00.000000026800,   3.44000,
,,,00.000000027000,   3.36000,
,,,00.000000027200,   3.36000,
,,,00.000000027400,   3.36000,
,,,00.000000027600,   3.28000,
,,,00.000000027800,   3.36000,
,,,00.000000028000,   3.36000,
,,,00.000000028200,   3.36000,
,,,00.000000028400,   3.44000,
,,,00.000000028600,   3.44000,
,,,00.000000028800,   3.44000,
,,,00.000000029000,   3.36000,
,,,00.000000029200,   3.36000,
,,,00.000000029400,   3.36000,
,,,00.000000029600,   3.28000,
,,,00.000000029800,   3.36000,
,,,00.000000030000,   3.36000,
,,,00.000000030200,   3.36000,
,,,00.000000030400,   3.44000,
,,,00.000000030600,   3.36000,
,,,00.000000030800,   3.36000,
,,,00.000000031000,   3.36000,
,,,00.000000031200,   3.28000,
,,,00.000000031400,   3.36000,
,,,00.000000031600,   3.36000,
,,,00.000000031800,   3.36000,
,,,00.000000032000,   3.36000,
,,,00.000000032200,   3.36000,
,,,00.000000032400,   3.36000,
,,,00.000000032600,   3.36000,
,,,00.000000032800,   3.36000,
,,,00.000000033000,   3.36000,
,,,00.000000033200,   3.36000,
,,,00.000000033400,   3.36000,
,,,00.000000033600,   3.36000,
,,,00.000000033800,   3.36000,
,,,00.000000034000,   3.36000,
,,,00.000000034200,   3.36000,
,,,00.000000034400,   3.44000,
,,,00.000000034600,   3.44000,
,,,00.000000034800,   3.44000,
,,,00.000000035000,   3.44000,
,,,00.000000035200,   3.44000,
,,,00.000000035400,   3.44000,
,,,00.000000035600,   3.44000,
,,,00.000000035800,   3.44000,
,,,00.000000036000,   3.36000,
,,,00.000000036200,   3.36000,
,,,00.000000036400,   3.36000,
,,,00.000000036600,   3.28000,
,,,00.000000036800,   3.36000,
,,,00.000000037000,   3.36000,
,,,00.000000037200,   3.36000,
,,,00.000000037400,   3.44000,
,,,00.000000037600,   3.44000,
,,,00.000000037800,   3.44000,
,,,00.000000038000,   3.36000,
,,,00.000000038200,   3.36000,
,,,00.000000038400,   3.36000,
,,,00.000000038600,   3.28000,
,,,00.000000038800,   3.36000,
,,,00.000000039000,   3.36000,
,,,00.000000039200,   3.36000,
,,,00.000000039400,   3.44000,
,,,00.000000039600,   3.44000,
,,,00.000000039800,   3.44000,
,,,00.000000040000,   3.44000,
,,,00.000000040200,   3.44000,
,,,00.000000040400,   3.44000,
,,,00.000000040600,   3.36000,
,,,00.000000040800,   3.36000,
,,,00.000000041000,   3.36000,
,,,00.000000041200,   3.28000,
,,,00.000000041400,   3.36000,
,,,00.000000041600,   3.36000,
,,,00.000000041800,   3.36000,
,,,00.000000042000,   3.36000,
,,,00.000000042200,   3.36000,
,,,00.000000042400,   3.36000,
,,,00.000000042600,   3.36000,
,,,00.000000042800,   3.36000,
,,,00.000000043000,   3.36000,
,,,00.000000043200,   3.36000,
,,,00.000000043400,   3.36000,
,,,00.000000043600,   3.36000,
,,,00.000000043800,   3.36000,
,,,00.000000044000,   3.36000,
,,,00.000000044200,   3.36000,
,,,00.000000044400,   3.36000,
,,,00.000000044600,   3.36000,
,,,00.000000044800,   3.36000,
,,,00.000000045000,   3.36000,
,,,00.000000045200,   3.36000,
,,,00.000000045400,   3.36000,
,,,00.000000045600,   3.28000,
,,,00.000000045800,   3.36000,
,,,00.000000046000,   3.36000,
,,,00.000000046200,   3.36000,
,,,00.000000046400,   3.44000,
,,,00.000000046600,   3.44000,
,,,00.000000046800,   3.52000,
,,,00.000000047000,   3.52000,
,,,00.000000047200,   3.44000,
,,,00.000000047400,   3.44000,
,,,00.000000047600,   3.36000,
,,,00.000000047800,   3.36000,
,,,00.000000048000,   3.36000,
,,,00.000000048200,   3.28000,
,,,00.000000048400,   3.36000,
,,,00.000000048600,   3.36000,
,,,00.000000048800,   3.36000,
,,,00.000000049000,   3.36000,
,,,00.000000049200,   3.36000,
,,,00.000000049400,   3.36000,
,,,00.000000049600,   3.36000,
,,,00.000000049800,   3.36000,
,,,00.000000050000,   3.36000,
,,,00.000000050200,   3.36000,
,,,00.000000050400,   3.36000,
,,,00.000000050600,   3.36000,
,,,00.000000050800,   3.36000,
,,,00.000000051000,   3.44000,
,,,00.000000051200,   3.44000,
,,,00.000000051400,   3.44000,
,,,00.000000051600,   3.36000,
,,,00.000000051800,   3.36000,
,,,00.000000052000,   3.36000,
,,,00.000000052200,   3.36000,
,,,00.000000052400,   3.36000,
,,,00.000000052600,   3.36000,
,,,00.000000052800,   3.36000,
,,,00.000000053000,   3.36000,
,,,00.000000053200,   3.36000,
,,,00.000000053400,   3.36000,
,,,00.000000053600,   3.36000,
,,,00.000000053800,   3.36000,
,,,00.000000054000,   3.44000,
,,,00.000000054200,   3.44000,
,,,00.000000054400,   3.44000,
,,,00.000000054600,   3.44000,
,,,00.000000054800,   3.44000,
,,,00.000000055000,   3.44000,
,,,00.000000055200,   3.44000,
,,,00.000000055400,   3.44000,
,,,00.000000055600,   3.44000,
,,,00.000000055800,   3.44000,
,,,00.000000056000,   3.52000,
,,,00.000000056200,   3.44000,
,,,00.000000056400,   3.44000,
,,,00.000000056600,   3.36000,
,,,00.000000056800,   3.36000,
,,,00.000000057000,   3.36000,
,,,00.000000057200,   3.36000,
,,,00.000000057400,   3.36000,
,,,00.000000057600,   3.36000,
,,,00.000000057800,   3.36000,
,,,00.000000058000,   3.36000,
,,,00.000000058200,   3.36000,
,,,00.000000058400,   3.36000,
,,,00.000000058600,   3.36000,
,,,00.000000058800,   3.36000,
,,,00.000000059000,   3.44000,
,,,00.000000059200,   3.44000,
,,,00.000000059400,   3.44000,
,,,00.000000059600,   3.44000,
,,,00.000000059800,   3.44000,
,,,00.000000060000,   3.44000,
,,,00.000000060200,   3.44000,
,,,00.000000060400,   3.44000,
,,,00.000000060600,   3.44000,
,,,00.000000060800,   3.44000,
,,,00.000000061000,   3.36000,
,,,00.000000061200,   3.36000,
,,,00.000000061400,   3.36000,
,,,00.000000061600,   3.36000,
,,,00.000000061800,   3.36000,
,,,00.000000062000,   3.44000,
,,,00.000000062200,   3.44000,
,,,00.000000062400,   3.44000,
,,,00.000000062600,   3.36000,
,,,00.000000062800,   3.36000,
,,,00.000000063000,   3.36000,
,,,00.000000063200,   3.28000,
,,,00.000000063400,   3.36000,
,,,00.000000063600,   3.36000,
,,,00.000000063800,   3.36000,
,,,00.000000064000,   3.44000,
,,,00.000000064200,   3.44000,
,,,00.000000064400,   3.44000,
,,,00.000000064600,   3.44000,
,,,00.000000064800,   3.44000,
,,,00.000000065000,   3.36000,
,,,00.000000065200,   3.36000,
,,,00.000000065400,   3.36000,
,,,00.000000065600,   3.36000,
,,,00.000000065800,   3.36000,
,,,00.000000066000,   3.44000,
,,,00.000000066200,   3.44000,
,,,00.000000066400,   3.44000,
,,,00.000000066600,   3.44000,
,,,00.000000066800,   3.44000,
,,,00.000000067000,   3.44000,
,,,00.000000067200,   3.44000,
,,,00.000000067400,   3.44000,
,,,00.000000067600,   3.44000,
,,,00.000000067800,   3.44000,
,,,00.000000068000,   3.36000,
,,,00.000000068200,   3.36000,
,,,00.000000068400,   3.36000,
,,,00.000000068600,   3.36000,
,,,00.000000068800,   3.36000,
,,,00.000000069000,   3.36000,
,,,00.000000069200,   3.36000,
,,,00.000000069400,   3.36000,
,,,00.000000069600,   3.36000,
,,,00.000000069800,   3.36000,
,,,00.000000070000,   3.44000,
,,,00.000000070200,   3.44000,
,,,00.000000070400,   3.44000,
,,,00.000000070600,   3.36000,
,,,00.000000070800,   3.36000,
,,,00.000000071000,   3.36000,
,,,00.000000071200,   3.36000,
,,,00.000000071400,   3.36000,
,,,00.000000071600,   3.36000,
,,,00.000000071800,   3.36000,
,,,00.000000072000,   3.36000,
,,,00.000000072200,   3.36000,
,,,00.000000072400,   3.44000,
,,,00.000000072600,   3.44000,
,,,00.000000072800,   3.44000,
,,,00.000000073000,   3.36000,
,,,00.000000073200,   3.36000,
,,,00.000000073400,   3.36000,
,,,00.000000073600,   3.28000,
,,,00.000000073800,   3.36000,
,,,00.000000074000,   3.36000,
,,,00.000000074200,   3.36000,
,,,00.000000074400,   3.44000,
,,,00.000000074600,   3.36000,
,,,00.000000074800,   3.36000,
,,,00.000000075000,   3.36000,
,,,00.000000075200,   3.36000,
,,,00.000000075400,   3.36000,
,,,00.000000075600,   3.36000,
,,,00.000000075800,   3.36000,
,,,00.000000076000,   3.36000,
,,,00.000000076200,   3.36000,
,,,00.000000076400,   3.44000,
,,,00.000000076600,   3.44000,
,,,00.000000076800,   3.44000,
,,,00.000000077000,   3.36000,
,,,00.000000077200,   3.28000,
,,,00.000000077400,   3.28000,
,,,00.000000077600,   3.28000,
,,,00.000000077800,   3.28000,
,,,00.000000078000,   3.36000,
,,,00.000000078200,   3.36000,
,,,00.000000078400,   3.44000,
,,,00.000000078600,   3.44000,
,,,00.000000078800,   3.44000,
,,,00.000000079000,   3.44000,
,,,00.000000079200,   3.44000,
,,,00.000000079400,   3.44000,
,,,00.000000079600,   3.44000,
,,,00.000000079800,   3.44000,
,,,00.000000080000,   3.44000,
,,,00.000000080200,   3.44000,
,,,00.000000080400,   3.44000,
,,,00.000000080600,   3.44000,
,,,00.000000080800,   3.44000,
,,,00.000000081000,   3.52000,
,,,00.000000081200,   3.52000,
,,,00.000000081400,   3.52000,
,,,00.000000081600,   3.44000,
,,,00.000000081800,   3.44000,
,,,00.000000082000,   3.44000,
,,,00.000000082200,   3.44000,
,,,00.000000082400,   3.44000,
,,,00.000000082600,   3.44000,
,,,00.000000082800,   3.44000,
,,,00.000000083000,   3.36000,
,,,00.000000083200,   3.36000,
,,,00.000000083400,   3.36000,
,,,00.000000083600,   3.28000,
,,,00.000000083800,   3.36000,
,,,00.000000084000,   3.36000,
,,,00.000000084200,   3.36000,
,,,00.000000084400,   3.44000,
,,,00.000000084600,   3.44000,
,,,00.000000084800,   3.44000,
,,,00.000000085000,   3.44000,
,,,00.000000085200,   3.44000,
,,,00.000000085400,   3.44000,
,,,00.000000085600,   3.36000,
,,,00.000000085800,   3.36000,
,,,00.000000086000,   3.28000,
,,,00.000000086200,   3.28000,
,,,00.000000086400,   3.28000,
,,,00.000000086600,   3.28000,
,,,00.000000086800,   3.28000,
,,,00.000000087000,   3.36000,
,,,00.000000087200,   3.36000,
,,,00.000000087400,   3.36000,
,,,00.000000087600,   3.36000,
,,,00.000000087800,   3.36000,
,,,00.000000088000,   3.36000,
,,,00.000000088200,   3.36000,
,,,00.000000088400,   3.36000,
,,,00.000000088600,   3.36000,
,,,00.000000088800,   3.36000,
,,,00.000000089000,   3.36000,
,,,00.000000089200,   3.36000,
,,,00.000000089400,   3.44000,
,,,00.000000089600,   3.44000,
,,,00.000000089800,   3.44000,
,,,00.000000090000,   3.36000,
,,,00.000000090200,   3.28000,
,,,00.000000090400,   3.28000,
,,,00.000000090600,   3.28000,
,,,00.000000090800,   3.28000,
,,,00.000000091000,   3.36000,
,,,00.000000091200,   3.36000,
,,,00.000000091400,   3.44000,
,,,00.000000091600,   3.36000,
,,,00.000000091800,   3.36000,
,,,00.000000092000,   3.36000,
,,,00.000000092200,   3.36000,
,,,00.000000092400,   3.36000,
,,,00.000000092600,   3.36000,
,,,00.000000092800,   3.36000,
,,,00.000000093000,   3.36000,
,,,00.000000093200,   3.36000,
,,,00.000000093400,   3.44000,
,,,00.000000093600,   3.36000,
,,,00.000000093800,   3.36000,
,,,00.000000094000,   3.36000,
,,,00.000000094200,   3.36000,
,,,00.000000094400,   3.44000,
,,,00.000000094600,   3.36000,
,,,00.000000094800,   3.36000,
,,,00.000000095000,   3.28000,
,,,00.000000095200,   3.28000,
,,,00.000000095400,   3.28000,
,,,00.000000095600,   3.28000,
,,,00.000000095800,   3.36000,
,,,00.000000096000,   3.44000,
,,,00.000000096200,   3.44000,
,,,00.000000096400,   3.44000,
,,,00.000000096600,   3.44000,
,,,00.000000096800,   3.44000,
,,,00.000000097000,   3.44000,
,,,00.000000097200,   3.44000,
,,,00.000000097400,   3.44000,
,,,00.000000097600,   3.44000,
,,,00.000000097800,   3.44000,
,,,00.000000098000,   3.52000,
,,,00.000000098200,   3.44000,
,,,00.000000098400,   3.44000,
,,,00.000000098600,   3.36000,
,,,00.000000098800,   3.36000,
,,,00.000000099000,   3.36000,
,,,00.000000099200,   3.28000,
,,,00.000000099400,   3.36000,
,,,00.000000099600,   3.36000,
,,,00.000000099800,   3.36000,
,,,00.000000100000,   3.44000,
,,,00.000000100200,   3.44000,
,,,00.000000100400,   3.44000,
,,,00.000000100600,   3.36000,
,,,00.000000100800,   3.36000,
,,,00.000000101000,   3.36000,
,,,00.000000101200,   3.36000,
,,,00.000000101400,   3.44000,
,,,00.000000101600,   3.44000,
,,,00.000000101800,   3.44000,
,,,00.000000102000,   3.36000,
,,,00.000000102200,   3.36000,
,,,00.000000102400,   3.36000,
,,,00.000000102600,   3.36000,
,,,00.000000102800,   3.36000,
,,,00.000000103000,   3.36000,
,,,00.000000103200,   3.36000,
,,,00.000000103400,   3.36000,
,,,00.000000103600,   3.36000,
,,,00.000000103800,   3.36000,
,,,00.000000104000,   3.44000,
,,,00.000000104200,   3.44000,
,,,00.000000104400,   3.44000,
,,,00.000000104600,   3.36000,
,,,00.000000104800,   3.36000,
,,,00.000000105000,   3.36000,
,,,00.000000105200,   3.36000,
,,,00.000000105400,   3.44000,
,,,00.000000105600,   3.44000,
,,,00.000000105800,   3.44000,
,,,00.000000106000,   3.36000,
,,,00.000000106200,   3.36000,
,,,00.000000106400,   3.36000,
,,,00.000000106600,   3.36000,
,,,00.000000106800,   3.36000,
,,,00.000000107000,   3.44000,
,,,00.000000107200,   3.44000,
,,,00.000000107400,   3.44000,
,,,00.000000107600,   3.44000,
,,,00.000000107800,   3.44000,
,,,00.000000108000,   3.44000,
,,,00.000000108200,   3.44000,
,,,00.000000108400,   3.44000,
,,,00.000000108600,   3.44000,
,,,00.000000108800,   3.44000,
,,,00.000000109000,   3.44000,
,,,00.000000109200,   3.44000,
,,,00.000000109400,   3.44000,
,,,00.000000109600,   3.44000,
,,,00.000000109800,   3.44000,
,,,00.000000110000,   3.44000,
,,,00.000000110200,   3.44000,
,,,00.000000110400,   3.52000,
,,,00.000000110600,   3.52000,
,,,00.000000110800,   3.52000,
,,,00.000000111000,   3.52000,
,,,00.000000111200,   3.52000,
,,,00.000000111400,   3.52000,
,,,00.000000111600,   3.44000,
,,,00.000000111800,   3.36000,
,,,00.000000112000,   3.28000,
,,,00.000000112200,   3.28000,
,,,00.000000112400,   3.36000,
,,,00.000000112600,   3.36000,
,,,00.000000112800,   3.36000,
,,,00.000000113000,   3.44000,
,,,00.000000113200,   3.44000,
,,,00.000000113400,   3.44000,
,,,00.000000113600,   3.44000,
,,,00.000000113800,   3.44000,
,,,00.000000114000,   3.36000,
,,,00.000000114200,   3.36000,
,,,00.000000114400,   3.36000,
,,,00.000000114600,   3.36000,
,,,00.000000114800,   3.36000,
,,,00.000000115000,   3.44000,
,,,00.000000115200,   3.44000,
,,,00.000000115400,   3.44000,
,,,00.000000115600,   3.36000,
,,,00.000000115800,   3.36000,
,,,00.000000116000,   3.36000,
,,,00.000000116200,   3.36000,
,,,00.000000116400,   3.44000,
,,,00.000000116600,   3.44000,
,,,00.000000116800,   3.44000,
,,,00.000000117000,   3.36000,
,,,00.000000117200,   3.36000,
,,,00.000000117400,   3.36000,
,,,00.000000117600,   3.28000,
,,,00.000000117800,   3.28000,
,,,00.000000118000,   3.28000,
,,,00.000000118200,   3.28000,
,,,00.000000118400,   3.36000,
,,,00.000000118600,   3.36000,
,,,00.000000118800,   3.44000,
,,,00.000000119000,   3.36000,
,,,00.000000119200,   3.36000,
,,,00.000000119400,   3.36000,
,,,00.000000119600,   3.36000,
,,,00.000000119800,   3.36000,
,,,00.000000120000,   3.44000,
,,,00.000000120200,   3.44000,
,,,00.000000120400,   3.44000,
,,,00.000000120600,   3.44000,
,,,00.000000120800,   3.44000,
,,,00.000000121000,   3.36000,
,,,00.000000121200,   3.36000,
,,,00.000000121400,   3.36000,
,,,00.000000121600,   3.36000,
,,,00.000000121800,   3.36000,
,,,00.000000122000,   3.36000,
,,,00.000000122200,   3.36000,
,,,00.000000122400,   3.36000,
,,,00.000000122600,   3.36000,
,,,00.000000122800,   3.36000,
,,,00.000000123000,   3.36000,
,,,00.000000123200,   3.36000,
,,,00.000000123400,   3.44000,
,,,00.000000123600,   3.36000,
,,,00.000000123800,   3.36000,
,,,00.000000124000,   3.36000,
,,,00.000000124200,   3.28000,
,,,00.000000124400,   3.36000,
,,,00.000000124600,   3.36000,
,,,00.000000124800,   3.36000,
,,,00.000000125000,   3.44000,
,,,00.000000125200,   3.44000,
,,,00.000000125400,   3.44000,
,,,00.000000125600,   3.44000,
,,,00.000000125800,   3.44000,
,,,00.000000126000,   3.44000,
,,,00.000000126200,   3.44000,
,,,00.000000126400,   3.44000,
,,,00.000000126600,   3.44000,
,,,00.000000126800,   3.44000,
,,,00.000000127000,   3.52000,
,,,00.000000127200,   3.52000,
,,,00.000000127400,   3.52000,
,,,00.000000127600,   3.44000,
,,,00.000000127800,   3.36000,
,,,00.000000128000,   3.36000,
,,,00.000000128200,   3.36000,
,,,00.000000128400,   3.36000,
,,,00.000000128600,   3.36000,
,,,00.000000128800,   3.36000,
,,,00.000000129000,   3.36000,
,,,00.000000129200,   3.36000,
,,,00.000000129400,   3.44000,
,,,00.000000129600,   3.44000,
,,,00.000000129800,   3.44000,
,,,00.000000130000,   3.44000,
,,,00.000000130200,   3.44000,
,,,00.000000130400,   3.44000,
,,,00.000000130600,   3.36000,
,,,00.000000130800,   3.36000,
,,,00.000000131000,   3.36000,
,,,00.000000131200,   3.36000,
,,,00.000000131400,   3.36000,
,,,00.000000131600,   3.36000,
,,,00.000000131800,   3.36000,
,,,00.000000132000,   3.36000,
,,,00.000000132200,   3.36000,
,,,00.000000132400,   3.36000,
,,,00.000000132600,   3.36000,
,,,00.000000132800,   3.36000,
,,,00.000000133000,   3.36000,
,,,00.000000133200,   3.36000,
,,,00.000000133400,   3.36000,
,,,00.000000133600,   3.36000,
,,,00.000000133800,   3.36000,
,,,00.000000134000,   3.36000,
,,,00.000000134200,   3.36000,
,,,00.000000134400,   3.36000,
,,,00.000000134600,   3.36000,
,,,00.000000134800,   3.36000,
,,,00.000000135000,   3.36000,
,,,00.000000135200,   3.36000,
,,,00.000000135400,   3.36000,
,,,00.000000135600,   3.36000,
,,,00.000000135800,   3.36000,
,,,00.000000136000,   3.44000,
,,,00.000000136200,   3.44000,
,,,00.000000136400,   3.44000,
,,,00.000000136600,   3.44000,
,,,00.000000136800,   3.44000,
,,,00.000000137000,   3.36000,
,,,00.000000137200,   3.36000,
,,,00.000000137400,   3.36000,
,,,00.000000137600,   3.36000,
,,,00.000000137800,   3.36000,
,,,00.000000138000,   3.36000,
,,,00.000000138200,   3.36000,
,,,00.000000138400,   3.36000,
,,,00.000000138600,   3.36000,
,,,00.000000138800,   3.36000,
,,,00.000000139000,   3.44000,
,,,00.000000139200,   3.44000,
,,,00.000000139400,   3.44000,
,,,00.000000139600,   3.36000,
,,,00.000000139800,   3.36000,
,,,00.000000140000,   3.36000,
,,,00.000000140200,   3.28000,
,,,00.000000140400,   3.36000,
,,,00.000000140600,   3.36000,
,,,00.000000140800,   3.36000,
,,,00.000000141000,   3.44000,
,,,00.000000141200,   3.44000,
,,,00.000000141400,   3.44000,
,,,00.000000141600,   3.44000,
,,,00.000000141800,   3.44000,
,,,00.000000142000,   3.44000,
,,,00.000000142200,   3.44000,
,,,00.000000142400,   3.44000,
,,,00.000000142600,   3.44000,
,,,00.000000142800,   3.44000,
,,,00.000000143000,   3.44000,
,,,00.000000143200,   3.44000,
,,,00.000000143400,   3.44000,
,,,00.000000143600,   3.36000,
,,,00.000000143800,   3.36000,
,,,00.000000144000,   3.36000,
,,,00.000000144200,   3.36000,
,,,00.000000144400,   3.44000,
,,,00.000000144600,   3.36000,
,,,00.000000144800,   3.36000,
,,,00.000000145000,   3.36000,
,,,00.000000145200,   3.36000,
,,,00.000000145400,   3.44000,
,,,00.000000145600,   3.44000,
,,,00.000000145800,   3.52000,
,,,00.000000146000,   3.44000,
,,,00.000000146200,   3.44000,
,,,00.000000146400,   3.44000,
,,,00.000000146600,   3.44000,
,,,00.000000146800,   3.44000,
,,,00.000000147000,   3.44000,
,,,00.000000147200,   3.44000,
,,,00.000000147400,   3.44000,
,,,00.000000147600,   3.44000,
,,,00.000000147800,   3.44000,
,,,00.000000148000,   3.44000,
,,,00.000000148200,   3.44000,
,,,00.000000148400,   3.44000,
,,,00.000000148600,   3.36000,
,,,00.000000148800,   3.36000,
,,,00.000000149000,   3.36000,
,,,00.000000149200,   3.28000,
,,,00.000000149400,   3.36000,
,,,00.000000149600,   3.36000,
,,,00.000000149800,   3.36000,
,,,00.000000150000,   3.44000,
,,,00.000000150200,   3.44000,
,,,00.000000150400,   3.44000,
,,,00.000000150600,   3.36000,
,,,00.000000150800,   3.36000,
,,,00.000000151000,   3.36000,
,,,00.000000151200,   3.36000,
,,,00.000000151400,   3.44000,
,,,00.000000151600,   3.44000,
,,,00.000000151800,   3.44000,
,,,00.000000152000,   3.44000,
,,,00.000000152200,   3.44000,
,,,00.000000152400,   3.52000,
,,,00.000000152600,   3.44000,
,,,00.000000152800,   3.44000,
,,,00.000000153000,   3.36000,
,,,00.000000153200,   3.36000,
,,,00.000000153400,   3.36000,
,,,00.000000153600,   3.28000,
,,,00.000000153800,   3.36000,
,,,00.000000154000,   3.36000,
,,,00.000000154200,   3.36000,
,,,00.000000154400,   3.44000,
,,,00.000000154600,   3.44000,
,,,00.000000154800,   3.44000,
,,,00.000000155000,   3.36000,
,,,00.000000155200,   3.36000,
,,,00.000000155400,   3.36000,
,,,00.000000155600,   3.36000,
,,,00.000000155800,   3.36000,
,,,00.000000156000,   3.36000,
,,,00.000000156200,   3.36000,
,,,00.000000156400,   3.36000,
,,,00.000000156600,   3.36000,
,,,00.000000156800,   3.36000,
,,,00.000000157000,   3.36000,
,,,00.000000157200,   3.36000,
,,,00.000000157400,   3.36000,
,,,00.000000157600,   3.36000,
,,,00.000000157800,   3.36000,
,,,00.000000158000,   3.36000,
,,,00.000000158200,   3.36000,
,,,00.000000158400,   3.36000,
,,,00.000000158600,   3.36000,
,,,00.000000158800,   3.36000,
,,,00.000000159000,   3.36000,
,,,00.000000159200,   3.36000,
,,,00.000000159400,   3.36000,
,,,00.000000159600,   3.36000,
,,,00.000000159800,   3.36000,
,,,00.000000160000,   3.36000,
,,,00.000000160200,   3.36000,
,,,00.000000160400,   3.36000,
,,,00.000000160600,   3.28000,
,,,00.000000160800,   3.36000,
,,,00.000000161000,   3.36000,
,,,00.000000161200,   3.44000,
,,,00.000000161400,   3.52000,
,,,00.000000161600,   3.44000,
,,,00.000000161800,   3.44000,
,,,00.000000162000,   3.36000,
,,,00.000000162200,   3.36000,
,,,00.000000162400,   3.36000,
,,,00.000000162600,   3.36000,
,,,00.000000162800,   3.36000,
,,,00.000000163000,   3.44000,
,,,00.000000163200,   3.44000,
,,,00.000000163400,   3.44000,
,,,00.000000163600,   3.36000,
,,,00.000000163800,   3.36000,
,,,00.000000164000,   3.36000,
,,,00.000000164200,   3.36000,
,,,00.000000164400,   3.44000,
,,,00.000000164600,   3.44000,
,,,00.000000164800,   3.44000,
,,,00.000000165000,   3.36000,
,,,00.000000165200,   3.36000,
,,,00.000000165400,   3.36000,
,,,00.000000165600,   3.36000,
,,,00.000000165800,   3.36000,
,,,00.000000166000,   3.36000,
,,,00.000000166200,   3.36000,
,,,00.000000166400,   3.36000,
,,,00.000000166600,   3.36000,
,,,00.000000166800,   3.36000,
,,,00.000000167000,   3.36000,
,,,00.000000167200,   3.36000,
,,,00.000000167400,   3.36000,
,,,00.000000167600,   3.28000,
,,,00.000000167800,   3.36000,
,,,00.000000168000,   3.36000,
,,,00.000000168200,   3.36000,
,,,00.000000168400,   3.44000,
,,,00.000000168600,   3.44000,
,,,00.000000168800,   3.44000,
,,,00.000000169000,   3.44000,
,,,00.000000169200,   3.44000,
,,,00.000000169400,   3.44000,
,,,00.000000169600,   3.44000,
,,,00.000000169800,   3.44000,
,,,00.000000170000,   3.44000,
,,,00.000000170200,   3.44000,
,,,00.000000170400,   3.44000,
,,,00.000000170600,   3.36000,
,,,00.000000170800,   3.28000,
,,,00.000000171000,   3.20000,
,,,00.000000171200,   3.20000,
,,,00.000000171400,   3.28000,
,,,00.000000171600,   3.28000,
,,,00.000000171800,   3.36000,
,,,00.000000172000,   3.44000,
,,,00.000000172200,   3.36000,
,,,00.000000172400,   3.36000,
,,,00.000000172600,   3.28000,
,,,00.000000172800,   3.36000,
,,,00.000000173000,   3.36000,
,,,00.000000173200,   3.36000,
,,,00.000000173400,   3.44000,
,,,00.000000173600,   3.44000,
,,,00.000000173800,   3.44000,
,,,00.000000174000,   3.36000,
,,,00.000000174200,   3.36000,
,,,00.000000174400,   3.36000,
,,,00.000000174600,   3.28000,
,,,00.000000174800,   3.36000,
,,,00.000000175000,   3.36000,
,,,00.000000175200,   3.36000,
,,,00.000000175400,   3.44000,
,,,00.000000175600,   3.36000,
,,,00.000000175800,   3.36000,
,,,00.000000176000,   3.36000,
,,,00.000000176200,   3.36000,
,,,00.000000176400,   3.44000,
,,,00.000000176600,   3.36000,
,,,00.000000176800,   3.36000,
,,,00.000000177000,   3.36000,
,,,00.000000177200,   3.36000,
,,,00.000000177400,   3.36000,
,,,00.000000177600,   3.36000,
,,,00.000000177800,   3.36000,
,,,00.000000178000,   3.36000,
,,,00.000000178200,   3.36000,
,,,00.000000178400,   3.36000,
,,,00.000000178600,   3.36000,
,,,00.000000178800,   3.36000,
,,,00.000000179000,   3.44000,
,,,00.000000179200,   3.44000,
,,,00.000000179400,   3.44000,
,,,00.000000179600,   3.36000,
,,,00.000000179800,   3.36000,
,,,00.000000180000,   3.36000,
,,,00.000000180200,   3.36000,
,,,00.000000180400,   3.44000,
,,,00.000000180600,   3.36000,
,,,00.000000180800,   3.36000,
,,,00.000000181000,   3.36000,
,,,00.000000181200,   3.28000,
,,,00.000000181400,   3.36000,
,,,00.000000181600,   3.36000,
,,,00.000000181800,   3.36000,
,,,00.000000182000,   3.44000,
,,,00.000000182200,   3.44000,
,,,00.000000182400,   3.44000,
,,,00.000000182600,   3.44000,
,,,00.000000182800,   3.44000,
,,,00.000000183000,   3.44000,
,,,00.000000183200,   3.44000,
,,,00.000000183400,   3.44000,
,,,00.000000183600,   3.44000,
,,,00.000000183800,   3.44000,
,,,00.000000184000,   3.52000,
,,,00.000000184200,   3.44000,
,,,00.000000184400,   3.44000,
,,,00.000000184600,   3.36000,
,,,00.000000184800,   3.36000,
,,,00.000000185000,   3.36000,
,,,00.000000185200,   3.36000,
,,,00.000000185400,   3.36000,
,,,00.000000185600,   3.36000,
,,,00.000000185800,   3.36000,
,,,00.000000186000,   3.36000,
,,,00.000000186200,   3.36000,
,,,00.000000186400,   3.44000,
,,,00.000000186600,   3.44000,
,,,00.000000186800,   3.44000,
,,,00.000000187000,   3.36000,
,,,00.000000187200,   3.36000,
,,,00.000000187400,   3.36000,
,,,00.000000187600,   3.28000,
,,,00.000000187800,   3.36000,
,,,00.000000188000,   3.36000,
,,,00.000000188200,   3.36000,
,,,00.000000188400,   3.44000,
,,,00.000000188600,   3.44000,
,,,00.000000188800,   3.44000,
,,,00.000000189000,   3.36000,
,,,00.000000189200,   3.36000,
,,,00.000000189400,   3.36000,
,,,00.000000189600,   3.28000,
,,,00.000000189800,   3.36000,
,,,00.000000190000,   3.36000,
,,,00.000000190200,   3.36000,
,,,00.000000190400,   3.44000,
,,,00.000000190600,   3.36000,
,,,00.000000190800,   3.36000,
,,,00.000000191000,   3.36000,
,,,00.000000191200,   3.28000,
,,,00.000000191400,   3.36000,
,,,00.000000191600,   3.36000,
,,,00.000000191800,   3.36000,
,,,00.000000192000,   3.44000,
,,,00.000000192200,   3.44000,
,,,00.000000192400,   3.44000,
,,,00.000000192600,   3.44000,
,,,00.000000192800,   3.44000,
,,,00.000000193000,   3.44000,
,,,00.000000193200,   3.44000,
,,,00.000000193400,   3.44000,
,,,00.000000193600,   3.44000,
,,,00.000000193800,   3.44000,
,,,00.000000194000,   3.44000,
,,,00.000000194200,   3.44000,
,,,00.000000194400,   3.44000,
,,,00.000000194600,   3.44000,
,,,00.000000194800,   3.44000,
,,,00.000000195000,   3.44000,
,,,00.000000195200,   3.44000,
,,,00.000000195400,   3.44000,
,,,00.000000195600,   3.36000,
,,,00.000000195800,   3.36000,
,,,00.000000196000,   3.28000,
,,,00.000000196200,   3.28000,
,,,00.000000196400,   3.36000,
,,,00.000000196600,   3.36000,
,,,00.000000196800,   3.44000,
,,,00.000000197000,   3.52000,
,,,00.000000197200,   3.44000,
,,,00.000000197400,   3.44000,
,,,00.000000197600,   3.36000,
,,,00.000000197800,   3.36000,
,,,00.000000198000,   3.36000,
,,,00.000000198200,   3.36000,
,,,00.000000198400,   3.44000,
,,,00.000000198600,   3.44000,
,,,00.000000198800,   3.44000,
,,,00.000000199000,   3.36000,
,,,00.000000199200,   3.36000,
,,,00.000000199400,   3.36000,
,,,00.000000199600,   3.36000,
,,,00.000000199800,   3.36000,
,,,00.000000200000,   3.36000,
,,,00.000000200200,   3.36000,
,,,00.000000200400,   3.36000,
,,,00.000000200600,   3.36000,
,,,00.000000200800,   3.36000,
,,,00.000000201000,   3.36000,
,,,00.000000201200,   3.36000,
,,,00.000000201400,   3.36000,
,,,00.000000201600,   3.36000,
,,,00.000000201800,   3.36000,
,,,00.000000202000,   3.44000,
,,,00.000000202200,   3.44000,
,,,00.000000202400,   3.44000,
,,,00.000000202600,   3.44000,
,,,00.000000202800,   3.44000,
,,,00.000000203000,   3.44000,
,,,00.000000203200,   3.44000,
,,,00.000000203400,   3.44000,
,,,00.000000203600,   3.44000,
,,,00.000000203800,   3.44000,
,,,00.000000204000,   3.44000,
,,,00.000000204200,   3.44000,
,,,00.000000204400,   3.44000,
,,,00.000000204600,   3.36000,
,,,00.000000204800,   3.36000,
,,,00.000000205000,   3.36000,
,,,00.000000205200,   3.36000,
,,,00.000000205400,   3.44000,
,,,00.000000205600,   3.44000,
,,,00.000000205800,   3.44000,
,,,00.000000206000,   3.36000,
,,,00.000000206200,   3.36000,
,,,00.000000206400,   3.36000,
,,,00.000000206600,   3.36000,
,,,00.000000206800,   3.36000,
,,,00.000000207000,   3.36000,
,,,00.000000207200,   3.36000,
,,,00.000000207400,   3.36000,
,,,00.000000207600,   3.36000,
,,,00.000000207800,   3.36000,
,,,00.000000208000,   3.44000,
,,,00.000000208200,   3.44000,
,,,00.000000208400,   3.44000,
,,,00.000000208600,   3.44000,
,,,00.000000208800,   3.44000,
,,,00.000000209000,   3.44000,
,,,00.000000209200,   3.44000,
,,,00.000000209400,   3.52000,
,,,00.000000209600,   3.44000,
,,,00.000000209800,   3.44000,
,,,00.000000210000,   3.36000,
,,,00.000000210200,   3.36000,
,,,00.000000210400,   3.36000,
,,,00.000000210600,   3.28000,
,,,00.000000210800,   3.36000,
,,,00.000000211000,   3.36000,
,,,00.000000211200,   3.36000,
,,,00.000000211400,   3.44000,
,,,00.000000211600,   3.44000,
,,,00.000000211800,   3.44000,
,,,00.000000212000,   3.36000,
,,,00.000000212200,   3.36000,
,,,00.000000212400,   3.36000,
,,,00.000000212600,   3.36000,
,,,00.000000212800,   3.36000,
,,,00.000000213000,   3.36000,
,,,00.000000213200,   3.36000,
,,,00.000000213400,   3.36000,
,,,00.000000213600,   3.36000,
,,,00.000000213800,   3.36000,
,,,00.000000214000,   3.44000,
,,,00.000000214200,   3.44000,
,,,00.000000214400,   3.44000,
,,,00.000000214600,   3.36000,
,,,00.000000214800,   3.36000,
,,,00.000000215000,   3.36000,
,,,00.000000215200,   3.28000,
,,,00.000000215400,   3.36000,
,,,00.000000215600,   3.36000,
,,,00.000000215800,   3.36000,
,,,00.000000216000,   3.44000,
,,,00.000000216200,   3.44000,
,,,00.000000216400,   3.44000,
,,,00.000000216600,   3.36000,
,,,00.000000216800,   3.36000,
,,,00.000000217000,   3.36000,
,,,00.000000217200,   3.36000,
,,,00.000000217400,   3.44000,
,,,00.000000217600,   3.36000,
,,,00.000000217800,   3.36000,
,,,00.000000218000,   3.36000,
,,,00.000000218200,   3.28000,
,,,00.000000218400,   3.36000,
,,,00.000000218600,   3.36000,
,,,00.000000218800,   3.36000,
,,,00.000000219000,   3.44000,
,,,00.000000219200,   3.44000,
,,,00.000000219400,   3.44000,
,,,00.000000219600,   3.44000,
,,,00.000000219800,   3.44000,
,,,00.000000220000,   3.36000,
,,,00.000000220200,   3.36000,
,,,00.000000220400,   3.36000,
,,,00.000000220600,   3.36000,
,,,00.000000220800,   3.36000,
,,,00.000000221000,   3.44000,
,,,00.000000221200,   3.44000,
,,,00.000000221400,   3.44000,
,,,00.000000221600,   3.36000,
,,,00.000000221800,   3.36000,
,,,00.000000222000,   3.36000,
,,,00.000000222200,   3.36000,
,,,00.000000222400,   3.36000,
,,,00.000000222600,   3.36000,
,,,00.000000222800,   3.36000,
,,,00.000000223000,   3.36000,
,,,00.000000223200,   3.36000,
,,,00.000000223400,   3.44000,
,,,00.000000223600,   3.44000,
,,,00.000000223800,   3.44000,
,,,00.000000224000,   3.36000,
,,,00.000000224200,   3.36000,
,,,00.000000224400,   3.36000,
,,,00.000000224600,   3.36000,
,,,00.000000224800,   3.36000,
,,,00.000000225000,   3.36000,
,,,00.000000225200,   3.36000,
,,,00.000000225400,   3.36000,
,,,00.000000225600,   3.28000,
,,,00.000000225800,   3.36000,
,,,00.000000226000,   3.36000,
,,,00.000000226200,   3.36000,
,,,00.000000226400,   3.44000,
,,,00.000000226600,   3.44000,
,,,00.000000226800,   3.44000,
,,,00.000000227000,   3.44000,
,,,00.000000227200,   3.44000,
,,,00.000000227400,   3.44000,
,,,00.000000227600,   3.44000,
,,,00.000000227800,   3.44000,
,,,00.000000228000,   3.44000,
,,,00.000000228200,   3.44000,
,,,00.000000228400,   3.44000,
,,,00.000000228600,   3.36000,
,,,00.000000228800,   3.36000,
,,,00.000000229000,   3.36000,
,,,00.000000229200,   3.28000,
,,,00.000000229400,   3.36000,
,,,00.000000229600,   3.36000,
,,,00.000000229800,   3.36000,
,,,00.000000230000,   3.36000,
,,,00.000000230200,   3.36000,
,,,00.000000230400,   3.36000,
,,,00.000000230600,   3.36000,
,,,00.000000230800,   3.36000,
,,,00.000000231000,   3.44000,
,,,00.000000231200,   3.44000,
,,,00.000000231400,   3.44000,
,,,00.000000231600,   3.36000,
,,,00.000000231800,   3.36000,
,,,00.000000232000,   3.36000,
,,,00.000000232200,   3.36000,
,,,00.000000232400,   3.44000,
,,,00.000000232600,   3.44000,
,,,00.000000232800,   3.44000,
,,,00.000000233000,   3.36000,
,,,00.000000233200,   3.36000,
,,,00.000000233400,   3.36000,
,,,00.000000233600,   3.36000,
,,,00.000000233800,   3.44000,
,,,00.000000234000,   3.36000,
,,,00.000000234200,   3.28000,
,,,00.000000234400,   3.28000,
,,,00.000000234600,   3.28000,
,,,00.000000234800,   3.28000,
,,,00.000000235000,   3.36000,
,,,00.000000235200,   3.44000,
,,,00.000000235400,   3.52000,
,,,00.000000235600,   3.52000,
,,,00.000000235800,   3.52000,
,,,00.000000236000,   3.44000,
,,,00.000000236200,   3.36000,
,,,00.000000236400,   3.36000,
,,,00.000000236600,   3.28000,
,,,00.000000236800,   3.28000,
,,,00.000000237000,   3.36000,
,,,00.000000237200,   3.36000,
,,,00.000000237400,   3.44000,
,,,00.000000237600,   3.36000,
,,,00.000000237800,   3.36000,
,,,00.000000238000,   3.28000,
,,,00.000000238200,   3.28000,
,,,00.000000238400,   3.28000,
,,,00.000000238600,   3.20000,
,,,00.000000238800,   3.20000,
,,,00.000000239000,   3.28000,
,,,00.000000239200,   3.36000,
,,,00.000000239400,   3.44000,
,,,00.000000239600,   3.44000,
,,,00.000000239800,   3.44000,
,,,00.000000240000,   3.36000,
,,,00.000000240200,   3.36000,
,,,00.000000240400,   3.36000,
,,,00.000000240600,   3.28000,
,,,00.000000240800,   3.28000,
,,,00.000000241000,   3.28000,
,,,00.000000241200,   3.36000,
,,,00.000000241400,   3.44000,
,,,00.000000241600,   3.44000,
,,,00.000000241800,   3.44000,
,,,00.000000242000,   3.36000,
,,,00.000000242200,   3.36000,
,,,00.000000242400,   3.36000,
,,,00.000000242600,   3.28000,
,,,00.000000242800,   3.36000,
,,,00.000000243000,   3.36000,
,,,00.000000243200,   3.36000,
,,,00.000000243400,   3.44000,
,,,00.000000243600,   3.36000,
,,,00.000000243800,   3.36000,
,,,00.000000244000,   3.36000,
,,,00.000000244200,   3.28000,
,,,00.000000244400,   3.36000,
,,,00.000000244600,   3.36000,
,,,00.000000244800,   3.36000,
,,,00.000000245000,   3.36000,
,,,00.000000245200,   3.36000,
,,,00.000000245400,   3.36000,
,,,00.000000245600,   3.36000,
,,,00.000000245800,   3.36000,
,,,00.000000246000,   3.36000,
,,,00.000000246200,   3.36000,
,,,00.000000246400,   3.36000,
,,,00.000000246600,   3.28000,
,,,00.000000246800,   3.28000,
,,,00.000000247000,   3.28000,
,,,00.000000247200,   3.20000,
,,,00.000000247400,   3.28000,
,,,00.000000247600,   3.28000,
,,,00.000000247800,   3.28000,
,,,00.000000248000,   3.36000,
,,,00.000000248200,   3.36000,
,,,00.000000248400,   3.36000,
,,,00.000000248600,   3.36000,
,,,00.000000248800,   3.36000,
,,,00.000000249000,   3.36000,
,,,00.000000249200,   3.36000,
,,,00.000000249400,   3.44000,
,,,00.000000249600,   3.44000,
,,,00.000000249800,   3.44000,
